1,70014,บรรณรักษ์
2,80034,บรรณารักษศาสตร์
3,80070,ช่างกลโรงงาน
4,80070,อุตสาหกรรมศิลป์
5,80070,ช่างโลหะ
6,90101,ไฟฟ้ากำลัง
7,100081,โรคพืช
8,100148,NULL
9,100148,NULL
10,100148,เทคโนโลยีการเกษตร
11,100148,เทคโนโลยีการเกษตร
12,100249,เคมี  (เกียรตินิยม)
13,100249,Org. Chem.
14,100284,อักษรศาสตร์
15,100304,NULL
16,100308,NULL
17,110261,เลขานุการ
18,110261,รัฐศาสตร์
19,110325,ภูมิศาสตร์
20,110325,วิทยาศาสตร์สิ่งแวดล้อม
21,110350,โรคพืช
22,110382,NULL
23,110384,NULL
24,110384,ภาษาอังกฤษ
25,110405,ภูมิศาสตร์
26,110405,Geogr.
27,120024,ช่างกลโรงงาน
28,120024,ช่างโลหะ
29,120277,จุลชีว
30,120277,เภสัชเวท
31,120390,เคมีเทคนิค (เทคโนโลยีการอาหาร)
32,120390,Food  Technol
33,120394,NULL
34,120394,แผนกทั่วไป
35,130054,กีฎวิทยา
36,130054,Entomology
37,130172,NULL
38,130220,เคมีวิศวกรรม
39,130228,NULL
40,130241,ช่างก่อสร้าง
41,130241,ก่อสร้าง
42,130241,การก่อสร้าง
43,130288,เคมีเทคนิค
44,130288,Community Health Nutr.
45,130293,ภาษาและประวัติศาสตร์
46,130332,รัฐศาสตร์
47,130337,NULL
48,130337,NULL
49,130337,บรรณารักษศาสตร์
50,130346,NULL
51,130354,ชีวประมง
52,130381,สถาปัตยกรรม
53,130381,NULL
54,130392,เคมี
55,130398,ชีววิทยา (เกียรตินิยม)
56,130398,สัตววิทยา
57,130412,NULL
58,130412,NULL
59,140074,เทคโนโลยีการอาหาร (เกียรตินิยมอันดับสอง)
60,140074,Food Science
61,140108,พืชไร่
62,140108,พืชไร่
63,140108,Crop Production
64,140316,ฟิสิกส์
65,140322,เคมีวิศวกรรม (เกียรตินิยมอันดับ 2)
66,140322,Chem. Eng.
67,140352,ช่างไม้อุตสาหกรรม
68,140352,อุตสาหกรรมศิลป์
69,150016,NULL
70,150259,NULL
71,150528,NULL
72,160053,NULL
73,160111,NULL
74,160111,NULL
75,160111,NULL
76,160158,สถาปัตยกรรม
77,160168,สถาปัตยกรรม
78,160168,บริหารธุรกิจ
79,160168,นิติศาสตร์
80,160212,ช่างกลโลหะ
81,160212,ช่างโลหะ
82,160222,พืชไร่-นา
83,160222,พืชไร่-นา
84,170140,NULL
85,170211,NULL
86,170233,NULL
87,170247,ช่างท่อและประสาน
88,170247,ช่างโลหะ
89,170250,นิเทศศาสตร์
90,180010,เศรษฐศาสตร์การพัฒนา
91,180150,วิทยาศาสตร์และอักษรศาสตร์
92,180215,ช่างยนต์
93,180215,อุตสาหกรรมศิลป์
94,180215,อุตสาหกรรมศิลป์
95,180260,วิทย์
96,180260,เทคโนโลยีการเกษตร
97,190030,NULL
98,190069,Business Administration
99,190077,เลขานุการ
100,190119,เลขานุการ
101,190119,รัฐศาสตร์
102,190154,เศรษฐศาสตร์
103,190154,Development Policy
104,190240,NULL
105,190253,ช่างกลโลหะ
106,190253,ช่างโลหะ(อุตสาหกรรม)
107,190264,Ach.
108,190264,Civ. Eng.
109,190324,เคมี
110,190324,Miner. Eng. & Lignite Technol.
111,190324,Material Engineering
112,190343,NULL
113,190343,NULL
114,190343,NULL
115,200072,NULL
116,200072,NULL
117,200072,การพัฒนาชุมชน
118,200072,การพัฒนาชุมชน
119,200163,NULL
120,200163,NULL
121,200163,การจัดการ
122,200163,การพัฒนาชุมชน
123,200236,NULL
124,200236,NULL
125,200236,การตลาด
126,200268,เลขานุการ
127,200268,การจัดการทั่วไป
128,200271,รัฐศาสตร์
129,200274,Agriculture
130,200298,การเงินและการธนาคาร
131,200397,สถาปัตยกรรมหลัก
132,200397,Hum. Settlements Plann. & Dev.
133,200421,สถาปัตยกรรม
134,200421,การวางแผนภาคและเมือง
135,210004,เภสัชศาสตร์
136,210004,เภสัชวิทยา
137,210004,เภสัชเคมีและพฤกษเคมี
138,210090,ไฟฟ้า
139,210090,Electri. ENGINEERING
140,210302,การตลาด
141,210302,เศรษฐศาสตร์
142,210302,การจัดการภาครัฐและภาคเอกชน
143,210318,วิศวกรรมอุตสาหการ
144,210369,เศรษฐศาสตร์เกษตร
145,210369,เศรษฐศาสตร์เกษตร
146,210369,School of Economics and Information Systems
147,210371,เครื่องกล
148,210372,อุตสาหการเคมี
149,210372,วิศวกรรมเคมี
150,210444,การขาย
151,220027,นิติศาสตร์
152,220042,วิทยาศาสตร์ทั่วไป
153,220088,เคมี
154,220155,พืชไร่
155,220155,พืชไร่
156,220315,หัตถกรรม
157,220418,Environmental Design in Architecture
158,220418,Master of Architecture
159,220424,"การคลัง, การเกษตร"
160,220424,วิทยาศาสตร์สิ่งแวดล้อม
161,220449,NULL
162,220449,NULL
163,220460,พืชสวนประดับ
164,220460,เกษตรศาสตร์
165,220462,การขาย
166,220462,การตลาด
167,220466,เครื่องกล
168,230110,NULL
169,230144,NULL
170,230144,NULL
171,230144,การบริหารรัฐกิจ
172,230146,การขาย
173,230242,นิติศาสตร์
174,230263,อุตสาหกรรมศิลป์ สาขาช่างโลหะ
175,230319,วิทยาศาสตร์ทั่วไป
176,230323,ศิลปหัตถกรรม
177,230323,ออกแบบนิเทศศิลป์
178,230331,พืชสวน
179,230331,พันธุศาสตร์
180,230419,บริหารทั่วไป
181,230422,เลขานุการ
182,230425,สถาปัตยกรรม
183,230425,สถาปัตยกรรมศาสตร์
184,230425, Faculty of Science (Environmental Management)
185,230431,ช่างกลโลหะ
186,230453,สังคมศึกษา
187,230465,พาณิชย์
188,230465,ภาษาไทย
189,230472,บริหารรัฐกิจ
190,230472,การจัดการทรัพยากร
191,230475,เลขานุการ
192,230475,วิทยาการจัดการ
193,240047,วิทยาศาสตร์และเทคโนโลยีอาหาร
194,240047,Food Technology (Food Quality Control)
195,240058,ถ่ายภาพ
196,240058,โสตทัศนศึกษา
197,240075,ชีววิทยา
198,240075,จุลชีววิทยา
199,240075,Microbiology
200,240124,NULL
201,240124,วิทยาศาสตร์ทั่วไป
202,240180,เศรษฐศาสตร์เกษตร
203,240180,การวิเคราะห์และประเมินโครงการ
204,240180,Science and Technology Policy
205,240243,พาณิชยการ
206,240243,การบริหารธุรกิจ
207,240243,การจัดการทั่วไป
208,240434,เคมี
209,240434,เคมีวิเคราะห์
210,240467,บัญชี
211,240467,คอมพิวเตอร์ธุรกิจ
212,250018,ภาษาอังกฤษ
213,250018,การพัฒนาทรัพยากรมนุษย์และองค์การ
214,589999,วัสดุศาสตร์
215,589999,บริหารธุรกิจ
216,589999,Materials Science and Engineering
217,589999,Materials Science and Engineering
218,250120,NULL
219,250120,วิทยาศาสตร์ทั่วไป
220,250121,สถิติ
221,250121,สถิติ
222,250157,อุตสาหกรรมศิลป์
223,250213,ชีววิทยา
224,250213,พืชสวน
225,250213,Soils
226,250290,การคลัง
227,250404,NULL
228,250404,คอมพิวเตอร์
229,250404,การจัดการทั่วไป
230,250438,เคมีวิศวกรรม
231,250438,Material
232,250443,พืชไร่
233,250443,วิทยาศาสตร์สิ่งแวดล้อม
234,250464,ช่างกลโลหะ
235,250464,เทคโนโลยีอุตสาหกรรม
236,250468,NULL
237,260137,NULL
238,260406,รัฐศาสตร์
239,261005,การพัฒนาชุมชน
240,270009,NULL
241,270009,บัญชี
242,270009,บัญชี
243,270009,การจัดการทั่วไป
244,270020,NULL
245,270020,NULL
246,270020,NULL
247,270020,การประชาสัมพันธ์
248,270025,บัญชี
249,270025,นิเทศศาสตร์
250,270079,NULL
251,270079,คอมพิวเตอร์ธุรกิจ
252,270079,คอมพิวเตอร์
253,270093,เคมี
254,270093,เคมีประยุกต์
255,270109,ก่อสร้าง
256,270109,เทคโนโลยีอุตสาหกรรม
257,270118,จุลชีววิทยา
258,270118,จุลชีววิทยา
259,270118,Molecular Biology
260,270118,Molecular Biology
261,270127,วิทยาศาสตร์ทั่วไป(เคมี-ชีวะ)
262,270127,พัฒนาผลิตภัณฑ์อุตสาหกรรมเกษตร
263,270169,บัญชี
264,270181,NULL
265,270181,NULL
266,270198,เคมี
267,270198,Materials Science and Engineering
268,270227,วิศวกรรมเคมี
269,270227,เทคโนโลยีทางชีวภาพ
270,270227,Chemical Engineering
271,270227,Chemical Engineering
272,270255,ชีววิทยา
273,270255,พยาธิชีววิทยา
274,270255,Toxicology
275,270294,เคมี
276,270294,เคมี
277,270313,เคมี
278,270313,เคมีวิศวกรรม
279,270379,พืชสวน
280,270379,พืชสวน
281,270379,Horticulture
282,270416,เชิงปริมาณ
283,270416,เศรษฐมิติ
284,270423,การพัฒนาเศรษฐกิจ
285,270427,การบัญชี
286,270427,บริหารธุรกิจ
287,270436,วิทยาศาสตร์ทั่วไป
288,270437,วิศวอุตสาหการ (เทคโนโลยีการผลิต)
289,270440,NULL
290,270440,จิตวิทยาแนะแนว
291,270447,เกษตร
292,270447,เกษตรศาสตร์
293,270458,อุตสาหการ
294,270458,เทคโนโลยีพลังงาน
295,270458,Energy Technology
296,270473,ช่างยนต์
297,270489,เภสัชกรรม
298,270489,เภสัชอุตสาหกรรม
299,270493,บัญชี
300,270552,ไฟฟ้า
301,270552,รัฐประศาสนศาสตร์
302,280257,ประวัติศาสตร์
303,280387,NULL
304,280387,NULL
305,280393,NULL
306,280498,ช่างภาพ
307,280500,ช่างพิมพ์
308,280500,การบริหารทรัพยากรบุคคล
309,280503,ภาษาอังกฤษ
310,280503,ภาษาศาสตร์
311,280503,Information Science
312,280509,เคมี
313,280509,นิวเคลียร์
314,280515,เลขานุการ
315,290152,นิเทศศิลป์
316,290224,โลหะ
317,290345,ฟิสิกส์
318,290345,นิวเคลียร์เทคโนโลยี
319,290445,NULL
320,290517,เคมี
321,290517,อินทรีย์เคมี
322,290519,วิทยาศาสตร์ทั่วไป
323,290519,การจัดการภาครัฐและภาคเอกชน
324,300057,เกษตร
325,300218,ช่างโลหะ
326,300218,ช่างโลหะ
327,300474,เคมี
328,300474,นิวเคลียร์
329,300483,จุลชีววิทยา
330,300483,จุลชีววิทยาทางอุตสาหกรรม
331,300483,Agriclutural Chemistry (Molecular Taxonomy of Yeas
332,300533,ชีววิทยา
333,300533,สรีรวิทยา
334,300533,Pharmaceutical Science
335,310028,การออกแบบนิเทศศิลป์
336,310136,วัสดุศาสตร์
337,310136,การจัดการสำหรับนักบริหาร
338,310141,รัฐศาสตร์
339,310145,Industrial Design
340,310145,ศิลปกรรม
341,310344,พฤกษศาสตร์
342,310344,พฤกษศาสตร์
343,310377,เกษตร
344,310403,NULL
345,310403,คหกรรมศาสตร์
346,310417,เศรษฐศาสตร์
347,310429,วัสดุศาสตร์ (เซรามิกส์)
348,310429,Ceramic Science and Engineering
349,310429,Ceramic Science and Engineering
350,310492,รัฐศาสตร์
351,310543,สัตวบาล
352,310543,เทคโนโลยีการบริหารสิ่งแวดล้อม
353,310543,Pharmaceutical Science
354,310543,Toxic Cyanobacteria
355,310543,NEDO Programme on Industry and Environment Protect
356,320031,การเงิน-การธนาคาร
357,320046,ช่างไฟฟ้า
358,320046,อิเล็กทรอนิคส์
359,320131,Chemical Engineering
360,320131,Materials Science
361,320131,Materials Science
362,320174,ภาษาอังกฤษ
363,320207,วิทยุ-โทรคมนาคม
364,320207,ไฟฟ้า
365,320207,เทคโนโลยีอุตสาหกรรมไฟฟ้า
366,320267,เคมี
367,320267,เคมีอินทรีย์
368,320312,เกษตร
369,320312,ปฐพี
370,320312,ปฐพี
371,320329,รัฐศาสตร์
372,320342,เคมี
373,320374,อุตสาหกรรมการบริการ
374,320383,การประถมศึกษา
375,320383,ศิลปกรรม
376,320385,เคมี
377,320385,เคมีอินทรีย์
378,320433,เครื่องกล
379,320433,เครื่องกล
380,320455,ก่อสร้าง
381,320481,เกษตรศาสตร์
382,320481,เกษตรศาสตร์เชิงระบบ
383,320484,บัญชี
384,320485,บัญชี
385,320485,การเงินการธนาคาร(เกียรตินิยมอันดับสอง)
386,320497,รัฐศาสตร์
387,320502,อุตสาหการ
388,320502,วิศวกรรมเครื่องกล
389,320523,NULL
390,320523,บรรณารักษศาสตร์
391,320532,ช่างโลหะ
392,320532,เทคโนโลยีการผลิต
393,320536,NULL
394,320536,NULL
395,320536,การจัดการทั่วไป
396,320536,รัฐประศาสนศาสตร์
397,320549,เคมี
398,320549,Biological Sciences (Biochemistry)
399,320557,เคมี
400,320557,วิทยาศาสตร์สิ่งแวดล้อม
401,320557,Civil&Environmental Engineering
402,320557,Civil&Environmental Engineering
403,322061,NULL
404,330040,อุตสาหการ
405,330045,เคมี
406,330045,พิษวิทยา
407,330067,บรรณารักษ์
408,330067,บรรณารักษ์ศาสตร์และสารนิเทศศาสตร์
409,330096,วัสดุศาสตร์
410,330096,สารนิเทศศาสตร์
411,330096,Packaging
412,330096,Packaging
413,330104,อุตสาหการ
414,330159,วิศวกรรมอุตสาหการ
415,330223,การบริหารโรงเรียน
416,330280,ไฟฟ้ากำลัง
417,330297,เทคโนโลยีโทรทัศน์
418,330347,NULL
419,330347,อุตสาหกรรมศิลป์
420,330347,ระบบสารสนเทศภูมิศาสตร์
421,330396,NULL
422,330396,ช่างอิเล็กทรอนิกส์
423,330396,การพัฒนาชุมชน
424,330414,เทคโนโลยีทางอาหารและเทคโนโลยีทางชีวภาพ
425,330414,การจัดการ
426,330430,อุตสาหกรรมเกษตร
427,330430,Post-harvest and Food  Process Engineering
428,330430,Packaging
429,330452,ช่างก่อสร้าง
430,330452,อุตสาหกรรมศิลป์
431,330478,พิเศษวิชาการศึกษา
432,330478,ภาษาอังกฤษธุรกิจ
433,330478,อังกฤษธุรกิจ
434,330486,บัญชี
435,330486,การบัญชี
436,330486,บัญชี
437,330488,เคมีวิศวกรรม
438,330491,การตลาด
439,330491,การจัดการทั่วไป
440,330499,คหกรรมศาสตร์ทั่วไป
441,330499,คหกรรมศาสตร์
442,330504,ช่างยนต์
443,330504,เทคโนโลยีขนถ่ายวัสดุ
444,330506,การเงินธนาคาร
445,330520,เคมี
446,330520,เคมีวิเคราะห์
447,330548,การจัดการทั่วไป
448,330550,บัญชี
449,330550,คอมพิวเตอร์ศึกษา
450,330551,การตลาด
451,330551,การจัดการทั่วไป
452,330556,ช่างไฟฟ้ากำลัง
453,330556,เทคโนโลยีไฟฟ้าอุตสาหกรรม
454,330560,วิศวอุตสาหการ
455,330560,สถิติประยุกต์
456,330561,วิศวกรรมเคมี
457,330563,การจัดการทั่วไป
458,330564,การบริหารทั่วไป
459,330565,วิศวกรรมเกษตร
460,330565,วิศวกรรมอุตสาหการ
461,330567,เทคโนโลยีการผลิต
462,330568,เครื่องกล
463,330570,โลหะ
464,330570,เทคโนโลยีการผลิต
465,330571,โลหะ
466,330572,ไฟฟ้ากำลัง
467,330572,อุตสาหกรรมศึกษา
468,330573,เคมี
469,330575,บริหารธุรกิจ
470,330575,การจัดการทั่วไป
471,330576,เคมี-ชีววิทยา
472,330576,การจัดการสิ่งแวดล้อม
473,330577,ชีววิทยา
474,330577,จุลชีววิทยา
475,330578,อนามัยชุมชน
476,330580,จุลชีววิทยา
477,330580,FOOD SCIENCE AND TECHOLGOY
478,330583,เภสัชศาสตร์
479,330585,คอมพิวเตอร์
480,330585,เทคโนโลยีสารสนเทศ
481,330586,ฟิสิกส์
482,330586,เทคโนโลยีอุณหภาพ
483,330592,NULL
484,330592,NULL
485,330594,ชีววิทยา
486,330594,Microbiology
487,330594,Microbiology
488,330595,ภาษาไทย
489,340008,เศรษฐศาสตร์
490,340029,เคมี
491,340062,เกษตรศึกษา
492,340095,เคมี
493,340133,คณิต-ฟิสิกส์
494,340133,เทคโนโลยีอุณหภาพ
495,340195,NULL
496,340219,ช่างกลโลหะ
497,340219,เทคโนโลยีขนถ่ายวัสดุ
498,340286,การตลาด
499,340402,ศิลปศึกษา
500,340402,Design
501,340513,บัญชี
502,340513,การจัดการทั่วไป
503,340518,สาธารณสุขศาสตร์
504,340518,พยาธิชีววิทยา
505,340518,Molecular Biology
506,340538,นิเทศศาสตร์ (ประชาสัมพันธ์)
507,340542,ฟิสิกส์
508,340542,เทคโนโลยีพลังงาน
509,340553,ไฟฟ้า
510,340554,NULL
511,340554,NULL
513,340559,System Engineering
514,340581,เคมี
515,340582,เคมี
516,340582,เคมีวิเคราะห์
517,340587,ไฟฟ้า
518,340588,เทคโนโลยีและนวัตกรรมการศึกษา
519,340599,โรคพืช (เกียรตินิยมอันดับหนึ่ง)
520,340599,พัฒนาผลิตภัณฑ์อุตสาหกรรมเกษตร
521,340600,บัญชีการเงิน
522,340601,เคมี
523,340602,เคมี
524,340604,ฟิสิกส์
525,340604,วิศวกรรมโลหการ
526,340604,วิศวกรรมเครื่องกล (โลหการ)
527,340605,เซรามิกส์
528,340605,Materials Engineering
529,340607,ช่างยนต์
530,340608,ไฟฟ้ากำลัง
531,340608,วิศวกรรมไฟฟ้า
532,340609,ไฟฟ้ากำลัง
533,340609,เทคโนโลยีไฟฟ้าอุตสาหกรรม
534,340610,การตลาด
535,340611,เชื่อมและโลหะแผ่น
536,340611,โลหะ
537,340611,เทคโนโลยีการผลิต
538,340612,ช่างยนต์
539,340612,เทคโนโลยีอุตสาหกรรม
540,350001,วัสดุศาสตร์
541,350001,Technology Management
542,350166,วนศาสตร์
543,350166,วิทยาศาสตรก์สิ่งแวดล้อม
544,350166,Forestry
545,350182,การเงิน
546,350197,เกษตรศาสตร์
547,350197,พืชศาสตร์
548,350226,เคมีวิศวกรรม
549,350226,รัฐประศาสนศาสตร์
550,350275,ก่อสร้าง
551,350309,ชีววิทยา
552,350309,จุลชีววิทยา
553,350317,วัสดุศาสตร์
554,350317,Metallurgical and Materials Engineering
555,350317,Metallurgical and Materials Engineering
556,350428,การบัญชี
557,350477,ปฐพีวิทยา
558,350477,ปฐพีวิทยา
559,350496,อิเล็กทรอนิกส์
560,350496,อิเล็กทรอนิกส์
561,350496,Industrial and Management Engineering
562,350496,Industrial Engineering and Management
563,350537,เคมี
564,350537,เคมีอินทรีย์
565,350603,ฟิสิกส์
566,350614,ปฐพีวิทยา
567,350614,ปฐพีวิทยา
568,350614,Soil Science
569,350615,เศรษฐศาสตร์เกษตร
570,350615,พัฒนาเศรษฐกิจ
571,350615,ECONOMICS
572,350619,Energy Planning
573,350619,ฟิสิกส์
574,350619,เทคโนโลยีพลังงาน
575,350620,วิทยาศาสตร์-ชีววิทยา
576,350620,สุขศึกษา
577,350620,อุตสาหกรรมการศึกษา
578,350624,วิศวกรรมเกษตร
579,360005,รัฐศาสตร์
580,360011,ฟิสิกส์
581,360026,ไฟฟ้า
582,360026,เทคโนโลยีไฟฟ้าอุตสาหกรรม
583,360033,บัญชี
584,360037,ช่างยนต์
585,360037,อุตสาหการ
586,360064,การตลาด
587,360117,การตลาด
588,360117,บริหารธุรกิจ
589,360156,การเงินการธนาคาร
590,360190,บัญชี
591,360190,การบริหารงานบุคคล
592,360266,เทคโนโลยีการผลิต
593,360266,Materials Processing
594,360266,Materials Processing
595,360299,NULL
596,360305,เคมี
597,360305,Chemistry
598,360330,วิทยาศาสตร์และเทคโนโลยีอาหาร
599,360338,เคมี
600,360338,ปิโตรเคมี
601,360358,ชีวเคมี
602,360358,Biotechnology
603,360391,วิทยาศาสตร์-เคมี
604,360391,วิทยาศาสตร์สิ่งแวดล้อม
605,360441,ฟิสิกส์
606,360441,วิศวกรรมการวัดคุม
607,360448,เคมี
608,360456,พณิชยการ
609,360456,การจัดการทั่วไป (การตลาด)
610,360494,ศิลปะอุตสาหกรรม
611,360501,ไฟฟ้ากำลัง
612,360501,ไฟฟ้ากำลัง
613,360508,ไฟฟ้ากำลัง
614,360508,เทคโนโลยีไฟฟ้าอุตสาหกรรม
615,360510,วิทยาศาสตร์และเทคโนโลยีการอาหาร
616,360521,วิทยาศาสตร์-เคมี
617,360521,เคมีอินทรีย์
618,360522,เคมี
619,360522,Environmental Chemistry
620,360524,อิเล็กทรอนิกส์
621,360524,เทคโนโลยีอิเล็กทรอนิกส์
622,360525,เทคโนโลยีอาหารและเทคโนโลยีชีวภาพ
623,360525,Food Science
624,360526,การบริหาร
625,360526,การบริหารรัฐกิจ (รัฐประศาสนศาสตร์)
626,360546,คณะศิลปกรรม
627,360613,การเงิน
628,360613,การจัดการการเงิน
629,360618,คอมพิวเตอร์
630,360618,การจัดการ
631,370041,วิทยาศาสตร์
632,370055,วิทยาศาสตร์-เคมี
633,370056,วิทยาศาสตร์ทั่วไป
634,370056,สัตววิทยา
635,370056,วิทยาศาสตร์ชีวภาพ
636,370091,NULL
637,370091,NULL
638,370132,ช่างก่อสร้าง
639,370138,การตลาด
640,370143,การบริหารธุรกิจระหว่างประเทศ
641,370237,เคมี
642,370246,การบัญชี
643,370246,การบริหารการศึกษา
644,370248,ชีววิทยา
645,370248,สัตววิทยา
646,370262,NULL
647,370269,บรรณารักษศาสตร์
648,370279,เคมีเทคนิค/เคมีวิศวกรรม
649,370279,Chemical Engineering
650,370291,นิติศาสตร์
651,370292,ช่างโลหะ
652,370301,ช่างกลโรงงาน
653,370301,เทคโนโลยีอุตสาหกรรม
654,370339,อิเล็กทรอนิกส์
655,370339,เทคโนโลยีอิเล็กทรอนิกส์
656,370341,รัฐศาสตร์
657,370348,เคมี
658,370348,พัฒนาผลิตภัณฑ์อุตสาหกรรมเกษตร
659,370370,บัญชี
660,370389,NULL
661,370389,เภสัชเวท
662,370389,เภสัชเคมีและผลิตภัณฑ์ธรรมชาติ
663,370395,บัญชี
664,370395,การบริหารธุรกิจ
665,370395,การจัดการทั่วไป
666,370411,เศรษฐศาสตร์เกษตร
667,370415,เคมีปฎิบัติ
668,370415,วิทยาศาสตร์ทั่วไป
669,370415,สิ่งแวดล้อมศึกษา
670,370461,ฟิสิกส์
671,370476,เคมี
672,370476,เทคโนโลยีการจัดการพลังงาน
673,370482,ช่างไฟฟ้า
674,370482,ช่างไฟฟ้ากำลัง
675,370495,ช่างอิเล็กทรอนิกส์
676,370495,เทคโนโลยีอิเล็กทรอนิกส์
677,370529,การบริหารงานบุคคล
678,370562,รัฐศาสตร์
679,370574,อิเล็กทรอนิกส์
680,370579,เกษตรศาสตร์
681,370579,เกษตรศาสตร์
682,370579,Agricultural Science
683,370589,พณิชยการ
684,370589,การจัดการทั่วไป
685,370589,การจัดการทั่วไป
686,370596,ประติมากรรมสากล
687,370623,พยาบาลศาสตร์และการผดุงครรภ์ ชั้น 1
688,370627,เทคโนโลยีหลังการเก็บเกี่ยว
689,370627,เกษตรกรรม
690,370627,ส่งเสริมเกษตรและ สหกรณ์
691,370630,วิทยาศาสตร์เคมี
692,370632,เภสัชศาสตร์
693,370633,ช่างยนต์
694,370633,เทคโนโลยีเครื่องต้นกำลัง
695,370634,ช่างกลโรงงาน
696,370634,เครื่องกลอุตสาหกรรม
697,370634,วิศวกรรมเครื่องกล
698,370634,วิศวกรรมการเชื่อม
699,370635,เกษตรกรรม
700,370635,วิทยาศาสตร์ทั่วไป
701,370637,วิทย์-เคมี
702,370637,วิทยาศาสตร์-เคมี
703,370638,เคมี
704,370640,เศรษฐศาสตร์การเงินการธนาคาร
705,370640,เทคโนโลยีการบริหาร
706,372024,รัฐศาสตร์
707,380050,NULL
708,380060,วิทยาการคอมพิวเตอร์
709,380060,COMPUTER SCIENCE
710,380094,การตลาด
711,380102,เทคโนโลยีขนถ่ายวัสดุ
712,380225,NULL
713,380244,ช่างเทคนิคโลหะ
714,380244,เทคโนโลยีอุตสาหกรรม
715,380296,เกษตรศาสตร์
716,380296,เกษตรศาสตร์
717,380296,Environmental Pharmaceutical Sciences
718,380306,วิทย์-เคมี
719,380359,NULL
720,380361,NULL
721,380363,ช่างเทคนิคอุตสาหกรรม
722,380363,เทคโนโลยีขนถ่ายวัสดุ
723,380426,วิศวกรรมไฟฟ้า
724,380514,วิศวกรรมไฟฟ้า
725,380530,ฟิสิกส์ประยุกต์
726,380558,การจัดการทั่วไป
727,380566,เคมี
728,380566,บริหารรัฐกิจ
729,380566,ส.บัณฑิตพัฒนบริหารศาสตร์
730,380598,อิเล็กทรอนิกส์
731,380598,อิเล็กทรอนิกส์
732,380598,มาตรวิทยา
733,380629,ชีววิทยา
734,380629,เทคโนโลยีชีวภาพ
735,380636,ก่อสร้าง
736,380639,เคมีการเกษตร
737,380639,วิศวกรรมสิ่งแวดล้อม
738,380641,วิทยาศาสตร์การอาหาร
739,380641,วิทยาศาสตร์และเทคโนโลยีอาหาร
740,380643,วัสดุศาสตร์
741,380644,วิทยาศาสตร์ทั่วไป
742,380644,เทคโนโลยีเซรามิก
743,380644,วัสดุศาสตร์ (เน้นนาโนเทคโนโลยี)
744,380645,เทคโนโลยีเซรามิกส์
745,380645,เคมี
746,380645,Materials Processing
747,380646,เคมี
748,380647,เคมี
749,380647,วิศวกรรมเคมี
750,380648,เคมี
751,380649,ช่างโลหะ
752,380649,เทคโนโลยีการผลิต
753,380656,ช่างเทคนิคการผลิต
754,380656,เทคโนโลยีอุตสาหกรรม
755,380658,ช่างโลหะ
756,380658,เทคโนโลยีอุตสาหกรรม
757,380659,ฟิสิกส์
758,380659,วิศวกรรมไฟฟ้า
759,380665,บรรณารักษศาสตร์
760,380667,ช่างโลหะ
761,380667,เทคโนโลยีการเชื่อม
762,380668,ฟิสิกส์
763,380668,ฟิสิกส์
764,380669,ช่างเทคนิคอุตสาหกรรม
765,380670,ช่างโลหะ
766,380671,ฟิสิกส์
767,380673,อนามัยสิ่งแวดล้อม
768,380673,การจัดการทรัพยากรธรรมชาติ
769,380674,เทคโนโลยีเซรามิก
770,380674,วัสดุศาสตร์
771,380675,เทคโนโลยีการผลิต
772,380677,เคมีอุตสาหกรรม
773,380677,วิศวกรรมโลหการ
774,380678,การขาย
775,380678,การตลาด
776,380678,เทคโนโลยีและนวัตกรรมการศึกษา
777,381030,ศิลปะศาสตร์
778,381031,ศิลปะศาสตร์
779,390002,ชีววิทยา
780,390002,จุลชีววิทยา
781,390036,เคมี
782,390036,เคมีวิเคราะห์และเคมีอนินทรีย์ประยุกต์
783,390073,การจัดการ
784,390073,การจัดการทั่วไป
785,390099,การจัดการทั่วไป
786,390116,ช่างยนต์
787,390116,วิศวกรรมเครื่องกล
788,390151,อุตสาหกรรมศิลป์
789,390179,ฟิสิกส์
790,390179,วิศวกรรมสิ่งแวดล้อม (หลักสูตรนานาชาติ)
791,390185,อุตสาหกรรมศิลป์
792,390196,ดนตรี
793,390196,เทคโนโลยีและนวัตกรรมการศึกษา
794,390314,บัญชี
795,390320,การพิมพ์
796,390367,พยาบาลและผดุงครรภ์
797,390367,สิ่งแวดล้อมศึกษา
798,390367,ประชากรศึกษา
799,390407,วิทยาศาสตร์-เคมี
800,390407,ประกาศนียบัตรบัณฑิตเทคโนโลยีวัสดุ
801,390408,เคมี-ชีวะ
802,390408,เทคโนโลยีสิ่งแวดล้อม
803,390420,นาฎศิลป์และการละคร
804,390420,การบริหารทั่วไป
805,390435,ฟิสิกส์
806,390435,เทคโนโลยีพลังงาน
807,390435,เทคโนโลยีพลังงาน
808,390512,ช่างไฟฟ้ากำลัง
809,390512,วิศวกรรมไฟฟ้า
810,390527,การจัดการทั่วไป (การบริหารทรัพยากรมนุษย์)
811,390527,พัฒนสังคมศาสตร์
812,390531,เคมี
813,390531,วิศวกรรมโลหการ
814,390541,เคมีอุตสาหกรรม
815,390545,วิทยาศาสตร์-เคมี
816,390584,นิติศาสตร์
817,390590,NULL
818,390590,NULL
819,390597,วิทย์-เคมี
820,390597,เทคโนโลยีสิ่งแวดล้อม
821,390625,เทคโนโลยีอุตสาหกรรมเครื่องกล
822,390650,เคมี
823,390651,คหกรรมศาสตร์
824,390651,เทคโนโลยีหลังการเก็บเกี่ยว
825,390654,ศิลปกรรม
826,390655,วิทยาการคอมพิวเตอร์
827,390655,เทคโนโลยีสารสนเทศ
828,390657,วิศวกรรมเคมี
829,390657,วิศวกรรมเคมี
830,390661,เคมี
831,390662,เคมีเทคนิค
832,390676,เคมี
833,390676,วิศวกรรมโลหะการ
834,390682,เทคโนโลยีอุตสาหกรรม (การผลิต)
835,390682,อุตสาหกรรมศึกษา
836,390684,วิศวกรรมโลหการ
837,390684,วิศวกรรมเคมี
838,390687,การจัดการทั่วไป
839,390688,ฟิสิกส์
840,390690,ช่างยนต์
841,390690,การจัดการอุตสาหกรรม
842,390691,วิศวกรรมโลหะการ
843,390691,Production Engineering
844,390692,วัสดุศาสตร์
845,390692,เทคโนโลยีวัสดุ
846,390693,อิเล็กทรอนิกส์
847,390693,วิศวกรรมคอมพิวเตอร์
848,390693,วิศวกรรมไฟฟ้า
849,390694,เทคโนโลยีทางอาหาร (เกียรตินิยมอันดับหนึ่งเหรียญทอง
850,390694,Postharvest and Food Process Engineering
851,390694,Postharvest and Food Process Engineering
852,390695,นิติศาสตร์
854,390697,พาณิชยกรรม
855,390697,การบัญชี
856,390697,การจัดการทั่วไป
857,392012,สื่อสารมวลชน
858,392012,การสื่อสารเพื่อการพัฒนา
859,400013,การเงิน
860,400017,เศรษฐศาสตร์
861,400017,เศรษฐศาสตร์
862,400044,นาฏศิลปการละคร
863,400044,การบริหารการศึกษา
864,400066,พาณิชยกรรม
865,400076,วิทยาศาสตร์-เคมี
866,400112,วิทยาศาสตร์-เคมี
867,400112,เคมี
868,400113,จุลชีววิทยา
869,400113,จุลชีววิทยาทางอุตสาหกรรม
870,400113,Biotechnology and Biochemistry
871,400123,รัฐศาสตร์
872,400147,รังสีเทคนิค
873,400147,นิวเคลียร์เทคโนโลยี
874,400147,MATERIAL SCIENCE
875,400161,พาณิชยกรรม
876,400161,การจัดการทั่วไป
877,400175,ช่างไฟฟ้า
878,400200,นิเทศศาสตร์
879,400209,นิเทศศาสตร์
880,400210,วิศวกรรมอุตสาหการ
881,400239,วิศวกรรมเครื่องกล
882,400239,การจัดการสิ่งแวดล้อม
883,400245,การตลาด
884,400413,ชีววิทยา
885,400413,Applied Natural Science
886,400439,การตลาด
887,400439,การจัดการทั่วไป
888,400479,เคมีอุตสาหกรรม
889,400479,ปิโตรเคมี
890,400516,รัฐศาสตร์
891,400516,การเงินและการธนาคาร
892,400534,เกษตรศาสตร์
893,400534,จุลชีววิทยา
894,400534,Bioresources Science
895,400544,ชีววิทยา
896,400544,เทคโนโลยีชีวภาพ
897,400544,Chemical Engineering & Analytical Science
898,400626,เทคโนโลยีวัสดุ
899,400626,วิทยาศาสตร์พอลิเมอร์ประยุกต์และเทคโนโลยีสิ่งทอ
900,400683,เคมี
901,400685,พืชสวน
902,400685,วิทยาศาสตร์สิ่งแวดล้อม
903,400689,พยาบาลศาสตร์และผดุงครรภ์ชั้น 1
904,400689,เภสัชวิทยา
905,400689,PHARMACOLOGY AND TOXICOLOGY
906,400696,วิศวกรรมโยธา
907,400696,เศรษฐศาสตร์
908,400699,วิศวกรรมอิเล็กทรอนิกส์
909,401021,คอมพิวเตอร์ธุรกิจ
910,401024,วิทยาศาสตร์และเทคโนโลยีอาหาร
911,401038,NULL
912,401044,การจัดการทั่วไป
913,401045,NULL
914,401057,ชีววิทยา
915,402001,บริหารรัฐกิจ
916,410032,ช่างยนต์
917,410032,รัฐประศาสนศาสตร์
918,410049,การจัดการ
919,410068,สาขาเทคโนโลยีออกแบบแม่พิมพ์
920,410204,บัญชี
921,410208,วิศวกรรมเครื่องกล
922,410251,เภสัชศาสตร์
923,410251,เภสัชศาสตร์
924,410287,วิศวกรรมไฟฟ้า
925,410287,วิศวกรรมไฟฟ้า
926,410303,เกษตรกรรม
927,410353,NULL
928,410353,NULL
929,410353,NULL
930,410353,NULL
931,410353,พาณิชยกรรม-การจัดการ
932,410621,ช่างยนต์
933,410621,เทคโนโลยีอุตสาหกรรม
934,410622,ช่างยนต์
935,410664,จุลชีววิทยา
936,410664,เทคโนโลยีชีวภาพ
937,411065,คอมพิวเตอร์ธุรกิจ
938,411066,เคมี
939,420003,NULL
940,420003,เทคโนโลยีการเกษตร
941,420006,ภาษาอังกฤษ
942,420006,ภาษาและการสื่อสาร
943,420006,Development Studies
944,420021,NULL
945,420023,NULL
946,420051,NULL
947,420065,NULL
948,420085,เคมี
949,420085,วิทยาศาสตร์สิ่งแวดล้อม
950,420103,พืชสวน
951,420107,NULL
952,420125,วิศวกรรมการผลิต
953,420142,NULL
954,420142,สิ่งแวดล้อมทั่วไป
955,420162,Aeronautical Engineering
956,420162,Manufacturing Engineering
957,420164,วิศวกรรมอุตสาหกรรม
958,420173,NULL
959,420176,NULL
960,420191,อิเล็กทรอนิกส์
961,420199,NULL
962,420206,NULL
963,420216,สาธารณสุขศาสตร์
964,420216,Management
965,420231,NULL
966,420281,NULL
967,420307,วิศวกรรมเคมี
968,420307,Chemical Engineeing
969,420334,เทคโนโลยีขนถ่ายวัสดุ
970,420355,NULL
971,420357,NULL
972,420409,NULL
973,420459,NULL
974,420480,NULL
975,420511,NULL
976,420540,NULL
977,420591,NULL
978,420593,การจัดการทั่วไป
979,420606,พืชสวน
980,420617,NULL
981,420617,NULL
982,420628,ช่างกลโรงงาน
983,420628,ช่างกลโรงงาน
984,420660,รัฐศาสตร์
985,420663,ภาษาอังกฤษ
986,420681,ช่างไฟฟ้ากำลัง
987,420681,เทคโนโลยีไฟฟ้าอุตสาหกรรม
988,420681,วิศวกรรมไฟฟ้า
989,421073,ช่างเทคนิคสถาปัตยกรรม
990,421073,เทคโนโลยีอุตสาหกรรม
991,430015,วิทยาการคอมพิวเตอร์
992,430015,วิทยาการคอมพิวเตอร์
993,430019,ชีววิทยา
994,430019,Business Administration
995,430035,วิศวกรรมคอมพิวเตอร์
996,430035,เทคโนโลยีการศึกษาทางการอาชีวะและเทคนิคศึกษา
997,430078,เคมี
998,430078,Food Tech
999,430092,คอมพิวเตอร์ธุรกิจ
1000,430092,เทคโนโลยีสารสนเทศ
1001,430122,ชีวเคมี (สัตววิทยา)
1002,430122,พิษวิทยา
1003,430149,วิศวกรรมเครื่องกล
1004,430149,วิศวกรรมเครื่องกล
1005,430184,วัสดุศาสตร์
1006,430184,เทคโนโลยีเซรามิกส์
1007,430184,เซรามิกส์
1008,430201,วิศวกรรมเครื่องกล
1009,430201,วิศวกรรมเครื่องกล
1010,430252,เกษตรศาสตร์
1011,430252,เกษตรศาสตร์
1012,430282,พืชศาสตร์
1013,430282,เทคโนโลยีชีวภาพ
1014,430335,ชีววิทยา
1015,430335,เทคโนโลยีชีวภาพ
1016,430340,เศรษฐศาสตร์ระหว่างประเทศ
1017,430340,Business Administrative Marketing
1018,430340,Marketing Communication
1019,430401,พอลิเมอร์
1020,430401,วิทยาศาสตร์พอลิเมอร์ประยุกต์และเทคโนโลยีสิ่งทอ
1021,430457,คอมพิวเตอร์ธุรกิจ
1022,430457,การจัดการ
1023,430487,ช่างไฟฟ้า
1024,430535,วิศวกรรมไฟฟ้า
1025,430535,เทคโนโลยีสารสนเทศ
1026,430569,ช่างเทคนิคอุตสาหกรรม
1027,430569,เทคโนโลยีการผลิต
1028,430652,ช่างเชื่อมและโลหะแผ่น
1029,430653,ช่างไฟฟ้ากำลัง
1030,430672,พัฒนาผลิตภัณฑ์อุตสาหกรรมเกษตร
1031,430672,จุลชีววิทยาทางอุตสาหกรรม
1032,430679,เทคโนโลยีเครื่องกล
1033,430679,ช่างกลโรงงาน
1034,430680,ช่างยนต์
1035,430686,ช่างยนต์
1036,430698,ช่างยนต์
1037,430700,ช่างยนต์
1038,431142,NULL
1039,440038,เคมี
1040,440063,คอมพิวเตอร์
1041,440126,การบริหารงานบุคคล
1042,440126,การบริหารอุตสาหกรรม
1043,440187,สังคมสงเคราะห์
1044,440187,สื่อสารมวลชน
1045,440234,ส่งเสริมและนิเทศศาสตร์เกษตร
1046,440234,ส่งเสริมการเกษตร
1047,440300,อุตสาหการ
1048,440300,System Enginerring
1049,440300,Operations Research/Management
1050,440351,วิศวกรรมเคมี
1051,440351,วิศวกรรมเคมี
1052,440356,เคมี
1053,440356,การจัดการสิ่งแวดล้อมอุตสาหกรรม
1054,440547,วิทยาศาสตร์ทั่วไป
1055,440701,เคมี
1056,440702,ไฟฟ้าอิเล็กทรอนิกส์
1057,440702,นิติศาสตร์
1058,440702,ไฟฟ้าอิเล็กทรอนิกส์
1059,440703,วิศวกรรมเครื่องกล
1060,440703,การจัดการสิ่งแวดล้อมอุตสาหกรรม
1061,440705,พืชไร่
1062,440705,Horticulture
1063,440705,Horticulture
1064,440706,Chemistry
1065,440706,Chemistry
1066,440706,Chemistry
1067,440708,วิทยาศาสตร์และเทคโนโลยีการอาหาร
1068,440709,จุลชีววิทยา
1069,440710,การบัญชี
1070,440710,"Finance, MIS"
1071,440715,เคมี
1072,440715,วิศวกรรมเคมี
1073,440716,วิทยาศาสตร์การอาหารและโภชนาการ
1074,440716,วิศวกรรมเคมี
1075,440719,ไฟฟ้า
1076,440719,Industrial
1077,440719,NULL
1078,440722,วิศวกรรมเคมี
1079,440722,ADVANCED MANUFACTURING TECH.
1080,440724,วิศวกรรมไฟฟ้า
1081,440724,วิศวกรรมไฟฟ้า
1082,440724,"Imperial College of Science, Technology and Medici"
1083,440726,สิ่งแวดล้อม
1084,440726,สิ่งแวดล้อม
1085,440727,ไฟฟ้า
1086,440727,พลังงาน
1087,440731,เคมี
1088,440731,วิศวกรรมเคมี
1089,440732,วิศวกรรมเคมี
1090,440732,การจัดการพลังงาน
1091,450007,ส่งเสริมและนิเทศศาสตร์เกษตร
1092,450007,ส่งเสริมการเกษตร
1093,450086,ส่งเสริมการเกษตร
1094,450086,ส่งเสริมการเกษตร
1095,450087,NULL
1096,450087,ออกแบบผลิตภัณฑ์อุตสาหกรรม
1097,450100,ไฟฟ้ากำลัง
1098,450106,ช่างอุตสาหกรรม
1099,450115,เซรามิก
1100,450115,เทคโนโลยีเซรามิก
1101,450128,วัสดุศาสตร์
1102,450128,เทคโนโลยีเซรามิก
1103,450134,เทคโนโลยีการเกษตร
1104,450134,เทคโนโลยีชีวภาพ
1105,450135,วิศวกรรมเคมี
1106,450135,วิศวกรรมเคมี
1107,450153,วิทยาศาสตร์ทั่วไป
1108,450153,Computer Information Systems
1109,450165,ภาษาไทยเพื่อการสื่อสาร
1110,450165,การสื่อสารเพื่อการพัฒนา (หลักสูตรนานาชาติ)
1111,450167,วิทยาศาสตร์และเทคโนโลยีการอาหาร
1112,450167,Postharvest&Food Process Engineering
1113,450167,Postharvest&Food Process Engineering
1114,450183,เคมี
1115,450186,เคมี
1116,450192,ภูมิศาสตร์
1117,450192,ภูมิศาสตร์อุตสาหกรรม
1118,450194,เครื่องกล
1119,450194,เครื่องกล
1120,450217,ชีววิทยาการประมง
1121,450217,ผลิตภัณฑ์ประมง
1122,450238,ไฟฟ้า
1123,450238,เทคโนโลยีอุตสาหกรรม(เทคโนโลยีไฟฟ้าอตุสาหกรรม)
1124,450283,ชีววิทยา
1125,450295,จุลชีววิทยา
1126,450295,จุลชีววิทยาทางอุตสาหกรรม
1127,460048,วนศาสตร์
1128,460048,วนศาสตร์
1129,460082,วนศาสตร์
1130,460082,วนศาสตร์
1131,460084,ชีววิทยา
1132,460084,สุขาภิบาลสิ่งแวดล้อม
1133,460097,ปิโตรเคมีและวัสดุพอลิเมอร์
1134,460097,วิทยาศาสตร์พอลิเมอร์ประยุกต์และเทคโนโลยีสิ่งทอ
1135,460105,เคมีเทคนิค
1136,460105,วิศวกรรมเคมีชีวภาพ
1137,460170,เทคโนโลยีอาหาร
1138,460170,เทคโนโลยีอาหาร
1139,460171,ฟิสิกส์
1140,460171,Material Science
1141,460189,เคมีเทคนิค
1142,460189,วิศวกรรมเคมี
1143,460193,วิทยุกระจายเสียงและวิทยุโทรทัศน์
1144,460193,การสื่อสารเพื่อการพัฒนา
1145,460203,วิศวกรรมไฟฟ้า
1146,460203,วิศวกรรมไฟฟ้า
1147,460205,คอมพิวเตอร์ธุรกิจ
1148,460214,วิศวกรรมการวัดคุม
1149,460229,NULL
1150,460230,โรคพืช
1151,460230,โรคพืช
1152,460232,พืชศาสตร์
1153,460232,พืชสวน
1154,460235,การวัดและระบบการวัดคุม
1155,460258,วัสดุศาสตร์
1156,460272,ฟิสิกส์
1157,460273,เทคโนโลยีและสื่อสารการศึกษา
1158,460285,ช่างยนต์
1159,460311,ประวัติศาสตร์
1160,460311,การสื่อสารเพื่อการพัฒนา
1161,460321,การสอบบัญชี
1162,460321,การเงินธุรกิจ
1163,460326,อุตสาหกรรมเกษตร
1164,460327,การบริหารทั่วไป
1165,460328,เกษตรศาสตร์
1166,460328,นิติศาสตร์
1167,460333,อุตสาหกรรมบริการ
1168,460333,การตลาด
1169,460336,การตลาด
1170,460336,การเงิน
1171,460349,เศรษฐศาสตร์พัฒนาการ
1172,460349,เศรษฐศาสตร์
1173,460365,อุตสาหกรรมการบริการ
1174,460366,การจัดการทั่วไป
1175,460368,อุตสาหกรรมเกษตร
1176,460368,วิศวกรรมเคมี
1177,460373,อิเล็กทรอนิกส์
1178,460373,Business Communication
1179,460375,วิทยุ-โทรทัศน์
1180,460375,การประชาสัมพันธ์
1181,460378,วิศวกรรมไฟฟ้า
1182,460378,วิศวกรรมไฟฟ้า
1183,460378,COMPUTER
1184,460490,การจัดการ
1185,460631,คอมพิวเตอร์ธุรกิจ
1186,460631,การจัดการสารสนเทศคอมพิวเตอร์
1187,470000,Chemical Engineering
1188,470000,Materials Science
1189,470000,Materials Science
1190,470012,เกษตรศาสตร์
1191,470012,เกษตรศาสตร์
1192,470012,Plant Science & Plant Nutrition
1193,470022,เภสัชวิทยา
1194,470022,พยาบาลศาสตร์
1195,470043,วิศวกรรมไฟฟ้า
1196,470362,วิศวกรรมอุตสาหการ
1197,470380,เกษตรศาสตร์
1198,470380,พันธุศาสตร์
1199,470386,เทคโนโลยีอาหาร
1200,470386,อณูชีววิทยา
1201,470400,เทคนิคการแพทย์
1202,470400,การตลาด
1203,470410,เทคโนโลยีชีวภาพ
1204,470410,เทคโนโลยีสิ่งแวดล้อม
1205,470450,สาธารณสุขศาสตร์
1206,470454,เทคโนโลยีชีวภาพ
1207,470454,เศรษฐศาสตร์เกษตร
1208,470454,เทคโนโลยีชีวภาพ
1209,470454,Chemical Engineering
1210,470704,พืชศาสตร์
1211,470704,พืชสวน
1212,470707,ชีววิทยา
1213,470707,MOLECULAR GENETICS AND GENETIC ENGINEER
1214,470711,วิทยาการคอมพิวเตอร์
1215,470712,นิติศาสตร์
1216,470713,การจัดการ
1218,470714,ประวัติศาสตร์
1219,470714,นิเทศศาสตร์การตลาด
1220,470717,ชีวเคมี
1221,470717,เทคโนโลยีชีวภาพ
1222,470718,ชีววิทยา
1223,470718,ชีววิทยา
1224,470720,เคมีการเกษตร
1225,470720,โรคพืช
1226,470721,วิศวกรรมเครื่องกล
1227,470721,วิศวกรรมเครื่องกล
1228,470723,วิทยาการคอมพิวเตอร์
1229,470723,เทคโนโลยีสารสนเทศ
1230,470728,วิศวกรรมเครื่องกล
1231,470728,วิศวกรรมเคมี
1232,470729,NULL
1233,470730,วิศวกรรมคอมพิวเตอร์
1234,470730,เทคโนโลยีสารสนเทศ
1235,470750,ชีววิทยา
1236,470750,จุลชีววิทยา
1237,470751,พืชสวน
1238,480733,ปฐพีวิทยา
1239,480733,ปฐพีวิทยา
1240,480734,ชีวเคมี
1241,480734,สาธารณสุขศาสตร์ (โภชนวิทยา)
1242,480735,เทคโนโลยีและสื่อสารการศึกษา
1243,480736,บัญชี
1244,480736,บัญชี
1245,480737,เกษตรศาสตร์
1246,480737,เทคโนโลยีชีวภาพ
1247,480738,วิทยาศาสตร์-เคมี
1248,480738,เคมีประยุกต์
1249,480739,เคมีอุตสาหกรรม
1250,480739,เทคโนโลยีเซรามิก
1251,480740,วิศวกรรมเครื่องกล
1252,480740,Advanced Metallurgy
1253,480741,เคมี
1254,480742,การตลาด
1255,490743,ภาษาอังกฤษ
1256,490743,Public Service International
1257,490744,วิศวกรรมไฟฟ้า
1258,490744,เศรษฐศาสตร์
1259,490745,การจัดการทั่วไป
1260,490745,สถิติประยุกต์
1261,490746,นิติศาสตร์
1263,490747,เคมี
1264,490747,ปิโตรเคมีและวิทยาศาสตร์พอลิเมอร์
1265,490748,NULL
1266,490749,เทคโนโลยีอาหาร
1267,490749,เทคโนโลยีอาหาร
1268,490752,สังคมวิทยาและมานุษยวิทยา
1269,490752,บริหารงานบุคคล
1270,492220,AGRONOMY
1271,492220,AGRONOMY
1272,492220,BIOSPHERE RESOURCE SCIENCE AND TECHNOGY
1273,492221,Agriculture
1274,492221,Forestry
1275,492221,Soil Science
1276,492222,เทคนิคการแพทย์
1277,492222,ชีวเคมี
1278,492222,ชีวเคมี
1279,492223,เทคโนโลยีชีวภาพ
1280,492223,วิทยาศาสตร์ชีวภาพ
1281,492223,วิทยาศาสตร์ชีวการแพทย์
1282,492224,เทคโนโลยีอาหาร
1283,492224,เทคโนโลยีชีวภาพ
1284,492224,จุลชีววิทยา
1285,500753,เคมีอุตสาหกรรม
1286,500753,เทคโนโลยีสิ่งแวดล้อม
1287,500753,เทคโนโลยีสิ่งแวดล้อม
1288,500754,เทคโนโลยีชีวภาพ
1289,500754,เทคโนโลยีชีวภาพ
1290,500755,จุลชีววิทยา
1291,500755,วิทยาศาสตร์และเทคโนโลยีการอาหาร
1292,500756,เศรษฐศาสตร์เกษตร
1293,500756,เศรษฐศาสตร์เกษตร
1294,500757,เศรษฐศาสตร์สหกรณ์
1295,500757,เศรษฐศาสตร์สหกรณ์
1296,500758,การจัดการการท่องเที่ยว
1297,500759,โภชนวิทยา
1298,500760,เทคนิคการแพทย์
1299,500760,ชีวเคมี
1300,500760,FINANCE
1301,500761,บัญชี
1302,500761,บริหารธุรกิจระหว่างประเทศ
1303,500762,จิตวิทยาอุตสาหกรรมและองค์การ
1304,500763,เคมี
1305,510762,จิตวิทยาอุตสาหกรรมและองค์การ
1306,510764,การจัดการทั่วไป
1307,510765,NULL
1308,510766,วิศวกรรมไฟฟ้า
1309,510767,เศรษฐศาสตร์ระหว่างประเทศ
1310,510767,การพัฒนาทรัพยากรมนุษย์และองค์การ
1311,510768,วิศวกรรมไฟฟ้า
1312,510769,เทคโนโลยีวัสดุ
1313,510770,เทคโนโลยีการเกษตร
1314,510770,ชีวเคมี
1315,510771,NULL
1316,510772,วิศวกรรมเคมี
1317,510772,วิศวกรรมเคมี
1318,510773,เทคโนโลยีที่เหมาะสมเพื่อการพัฒนาทรัพยากร
1319,510773,เกษตรศาสตร์ พืชไร่
1320,510774,มหาวิทยาลัยมหาสารคาม
1321,510774,มหาวิทยาลัยราชภัฏจันทรเกษม
1322,510775,NULL
1323,510776,NULL
1324,510776,NULL
1325,510777,NULL
1326,510777,NULL
1327,510779,เศรษฐศาสตร์
1328,510779,เศรษฐศาสตร์
1329,510780,NULL
1330,510780,NULL
1331,510781,NULL
1332,510781,NULL
1333,510782,การจัดการ
1334,510783,การตลาด
1335,510784,วิศวกรรมเครื่องกล
1336,510784,เทคโนโลยีขนถ่ายวัสดุ
1337,510785,NULL
1338,510785,NULL
1339,510786,วิศวกรรมวัสดุ
1340,510786,NULL
1341,510787,สาธารณสุขศาสตร์
1342,510787,สุขาภิบาลสิ่งแวดล้อม
1343,510788,อุตสาหกรรมการบริการ
1344,520013,การเงิน
1345,520049,การจัดการ
1346,520142,NULL
1347,520142,สิ่งแวดล้อมทั่วไป
1348,520789,NULL
1349,520790,เกษตรศาสตร์
1350,520790,เกษตรศาสตร์
1351,520791,เกษตรศาสตร์
1352,520791,พืชสวน
1353,520792,วิศวกรรมเครื่องจักรกลเกษตร
1354,520793,วิทยาศาสตร์สิ่งแวดล้อม
1355,520793,วิทยาศาสตร์สิ่งแวดล้อม
1356,520794,วัสดุศาสตร์
1357,520794,เศรษฐ์ศาสตร์ธุรกิจ
1358,520795,Chemistry
1359,520795,NULL
1360,520796,วิศวกรรมโยธา
1361,520796,วิศวกรรมโยธา
1362,520797,เทคโนโลยีชีวภาพ
1363,520797,สุขาภิบาลอาหาร
1364,520798,ฟิสิกส์
1365,520799,เทคโนโลยีอุตสาหกรรม
1366,520800,NULL
1367,520800,NULL
1368,520801,NULL
1369,520801,NULL
1370,520803,NULL
1371,520804,NULL
1372,520805,NULL
1373,520806,NULL
1374,520807,NULL
1375,520808,NULL
1376,520809,NULL
1377,520809,NULL
1378,520810,NULL
1379,520810,NULL
1380,520811,NULL
1381,520812,NULL
1382,520812,NULL
1383,520813,NULL
1384,520813,NULL
1385,520814,วิศวกรรมไฟฟ้า
1386,520815,NULL
1387,520816,เศรษฐศาสตร์เชิงปริมาณ
1388,520817,NULL
1389,520817,NULL
1390,520818,วิทยาการคอมพิวเตอร์
1391,520818,รัฐศาสตร์
1392,522226,เทคโนโลยีชีวภาพ
1393,522226,เทคโนโลยีชีวภาพ
1394,522226,เทคโนโลยีชีวภาพ
1395,530000,อุตสาหกรรมการเกษตร
1396,530480,NULL
1397,530490,การจัดการ
1399,530591,NULL
1400,530820,ศิลปะศาสตร์
1401,530821,ศิลปศาสตร์ (การจัดการทั่วไป)
1402,530821,การจัดการทั่วไป
1403,530822,การจัดการทั่วไป(การบริหารทรัพยากรมนุษย์)
1404,530823,วิศวกรรมไฟฟ้า
1405,530825,การจัดการทั่วไป
1406,530826,สถาปัตยกรรมภายใน
1407,530826,ภูมิสถาปัตยกรรม
1408,530827,วิศวกรรมเคมี
1409,530827,วิศวกรรมเคมี
1410,530828,เทคโนโลยีการบรรจุ
1411,530828,เทคโนโลยีการบรรจุ
1412,530829,NULL
1413,530829,NULL
1414,530830,NULL
1415,530830,NULL
1416,530831,ไฟฟ้า
1417,530831,Bussiness Admin
1418,530832,วัสดุศาสตร์
1419,530832,เทคโนโลยีเซรามิกส์
1420,530833,NULL
1421,530834,NULL
1422,530834,NULL
1423,530835,วิศวกรรมไฟฟ้า
1424,530836,NULL
1425,530836,NULL
1426,530837,NULL
1427,530837,การตลาด
1428,530838,การบัญชี
1429,530839,ภาษาอังกฤษ
1430,530839,การจัดการทั่วไป
1431,530840,เคมี
1432,530840,วิศวกรรมวัสดุ
1433,530841,วิทยาการคอมพิวเตอร์
1434,530841,เทคโนโลยีอินเทอร์เน็ตและสารสนเทศ
1435,530842,นิเทศศาสตร์
1436,530842,Political Science
1437,530843,ภาษาอังกฤษ
1438,530844,NULL
1439,530844,NULL
1440,530845,จิตวิทยาการปรึกษาและแนะแนว/ภาษาฝรั่งเศส
1441,530845,จิตวิทยาอุตสาหกรรม
1442,530846,เทคโนโลยีชีวภาพ
1443,530846,เทคโนโลยีชีวภาพ
1444,540847,จิตวิทยา
1445,540847,Communicative English
1446,542219,ออกแบบสถาปัตยกรรม
1447,542220,วิทยาศาสตร์สิ่งแวดล้อม
1448,542221,เกษตรศาสตร์-พืชศาสตร์
1449,450135,วิศวกรรมวัสดุ
1450,542224,วิทยาศาสตร์สิ่งแวดล้อม
1451,542225,Master Business with Internation Management
1452,542225,Bachelor Of Technology (Airport Management)
1783,542226,คอมพิวเตอร์ธุรกิจ
1454,420103,เทคโนโลยีหลังการเก็บเกี่ยว
1455,450128,วิศวกรรมโลหะการ
1456,542227,วิศวกรรมโยธา
1457,542227,วิศวกรรมโยธา
1458,542228,วัสดุศาสตร์
1459,542228,วัสดุศาสตร์
1460,542229,วัสดุศาสตร์
1461,542229,วิทยาศาสตร์และเทคโนโลยีพอลิเมอร์
1462,542231,นิติศาสตรมหาบัณทิต
1463,542231,นิติศาสตรบัณทิต
1465,542230,วิทยาศาสตร์และเทคโนโลยีการอาหาร
1466,542232,เคมีวิศวกรรม
1467,542232,เทคโนโลยีเชื้อเพลิง
1468,542233,วิศวกรรมเครื่องกล
1470,330452,การจัดการภาครัฐและภาคเอกชนมหาบัณฑิต
1471,380426,พลังงานทดแทน
1472,340588,เทคโนโลยีการศึกษา
1473,510768,วิศวกรรมการจัดการอุตสาหกรรม
1474,542235,ภาษาอังกฤษเพื่อการสื่อสารสากล
1475,542234,วิศวกรรมโธยา
1476,540811,NULL
1477,542223,ศึกษาศาสตร์ เกษตร
1478,542223,วิทย์ศาสตร์สิ่งแวดล้อม
1479,542220,วิทยาศาสตร์สิ่งแวดล้อม
1480,542222,เทคโนโลยีอุตสาหกรรม
1481,542219,ออกแบบสถาปัตยกรรม
1482,541008,การจัดการทั่วไป
1485,552236,โภชนาศาสตร์
1486,552236,เภสัชศาสตร์ (หลักสูตรนานาชาติ)
1487,552237,เคมี
1488,552237,ปิโตรเคมีและวิทยาศาสตร์พอลิเมอร์
1490,440234,Science And Technology Management
1491,490743,ประกาศนียบัตร (Diploma in Strategic Management)
1492,440708,วิทยาศาสตร์การอาหาร
1494,450295,Molecular Biology
1497,552242,เทคโนโลยีการโทรทัศน์และวิทยุกระจายเสียง
1498,360613,การจัดการการตลาด
1499,460082,Animal and Plant Sciences
1500,410664,Biological Sciences
1501,430335,Biotechnology
1502,430092,เทคโนโลยีสารสนเทศ
1503,460349,การจัดการ
1504,460368,Chemical Engineering
1505,360521,พฤกษเคมี
1506,370415,สิ่งแวดล้อมศึกษา
1507,270169,คณิตศาสตร์
1508,552437,การตลาด
1509,552436,เทคโนโลยีและสื่อสารการศึกษา
1513,552450,โรคพืช
1511,552450,การจัดการศัตรูพืช
1512,552450,เกษตรศาสตร์
1514,552437,เทคโนโลยีและสื่อสารการศึกษา
1515,552435,วิศวกรรมวัสดุ
1516,552438,ดนตรีสากล
1517,552439,ช่างไฟฟ้ากำลัง
1518,552314,วิทยาศาสตร์สิ่งแวดล้อม
1519,552314,พันธุศาสตร์
1520,552341,วิศวกรรมแปรรูปอาหาร
1525,450192,Geoenvironmental Sciences
1526,440719,Organization Development and Transformation
1527,350615,Financial Management
1528,460235,วิศวกรรมไฟฟ้า
1529,490748,สุขาภิบาลอาหาร
1530,440701,การจัดการสิ่งแวดล้อม
1531,380659,Sound and Vibration Studies
1534,552282,เคมี
1533,470711,เทคโนโลยีและสื่อสารการศึกษา
1535,552346,Food Science & Technology
1536,552346,Post Harvest Technology
1537,552374, 
1538,552452, 
1539,552336,
1540,552339,
1541,552367,สื่อสารมวลชน
1548,552399,การจัดการทั่วไป
1547,552362,วิทยาศาสตร์สิ่งแวดล้อม
1549,552312,บริหารการจัดการ
1550,552405,เทคโนโลยีอิเล็กทรอนิกส์
1551,552275,
1552,552417,ช่างกล
1553,552423,คอมพิวเตอร์ศึกษา
1554,552412,วิทยาศาสตร์สิ่งแวดล้อม
1555,552283,วิทยาศาสตร์เครื่องสำอาง
1557,552431,พืชศาสตร์ (พืชผัก)
1558,552248,บริหารธุรกิจ (การจัดการทั่วไป)
1559,552385,พลศึกษา/สุขศึกษา
1560,552294,การจัดการทั่วไป
1561,552311,ชีววิทยา
1562,552311,เทคโนโลยีชีวภาพ
1563,552358,เคมี
1564,552265,
1565,552281,
1569,552338,ภาษาอังกฤษ
1571,552292,จุลชีววิทยา
1572,552298,ชีววิทยาประยุกต์
1576,552403,การจัดการทั่วไป
1575,552245,รัฐประศาสนศาสตร์
1577,552402,การจัดการทั่วไป
1578,552402,การตลาด
1579,552287,เทคโนโลยีชีวภาพ
1581,552306,เทคโนโลยีชีวภาพ
1521,552341,การจัดการธุรกิจเกษตรและอุตสาหกรรมอาหาร
1522,552236,รังสีเทคนิค
1523,552447,ฟิสิกส์อุตสาหกรรมและอุปกรณ์การแพทย์
1524,552449,เคมีอุตสาหกรรม
1542,552244,เคมี
1582,552388,การบัญชี
1583,552413,เคมี
1587,552415,เคมี
1588,552364,การจัดการ
1591,552326,วิทยาศาสตร์และเทคโนโลยีการอาหาร
1592,552404,การจัดการทั่วไป (คอมพิวเตอร์ธุรกิจ)
1593,552313,เทคโนโลยีหลังการเก็บเกี่ยว
1594,552441,เลขานุการ
1595,552270,เคมี
1596,552277,ชีววิทยา (เกียรตินิยมอันดับ ๑)
1597,552277,เทคโนโลยีชีวภาพ
1598,552371,วิทยาศาสตร์สิ่งแวดล้อม
1599,552389,ชีววิทยาประยุกต์
1600,552271,เทคโนโลยีอุตสาหกรรมเกษตร
1601,552317,วิทยาการคอมพิวเตอร์
1602,552315,เกษตรศาสตร์ (โรคพืช)
1603,562252,พัฒนาผลิตภัณฑ์
1604,562252,คหกรรมศาสตร์ (อาหารและโภชนาการ)
1605,552240,การตลาด
1606,552354,คอมพิวเตอร์ธุรกิจ
1607,552305,เทคโนโลยีชีวภาพ
1608,552303,เทคโนโลยีการอาหาร (วิทยาเขตสกลนคร)
1609,552323,เทคโนโลยีการจัดการอุตสาหกรรม
1610,552414,คอมพิวเตอร์ธุรกิจ
1611,552355,ชีววิทยา
1619,552289,พืชศาสตร์ (พืชสวนประดับ)
1623,552359,นิเทศศาสตร์ (วิทยุกระจายเยงและโทรทัศน์)
1624,552418,บัญชี
1625,552440,วิศวกรรมพอลิเมอร์
1626,552416,การบัญชี
1627,552467,การจัดการ
1628,552467,Entrepreneurship and Management
1629,552467,International Business and New Venture
1630,552467,Strategic Management (Banking and Finance)
1631,552251,อุตสาหกรรมเกษตร
1632,552251,เทคโนโลยีอาหาร
1633,552274,เคมี
1634,552318,ปฐพีวิทยา
1635,552320,เกษตร
1636,552377,
1637,552387,การบัญชี
1638,552334,การบัญชี
1639,552383,วิศวกรรมไฟฟ้า
1640,552255,อุตสาหกรรมประมง
1641,552255,ผลิตภัณฑ์ประมง
1642,552241,การจัดการทั่วไป
1643,552429,เทคโนโลยีเซรามิกส์
1644,552293,ชีววิทยาประยุกต์
1645,552384,วิศวกรรมไฟฟ้าและคอมพิวเตอร์
1653,552325,หนังสือพิมพ์และสิ่งพิมพ์
1654,552325,การจัดการทั่วไป
1655,552453,วิศวกรรมยานยนต์
1656,552397,การจัดการทั่วไป
1657,552324,ช่างไฟฟ้ากำลัง
1658,552394,วิศวกรรมอุตสาหการ
1659,552394,วิศวกรรมอุตสาหการ
1660,552386,คอมพิวเตอร์ธุรกิจ
1661,552391,จุลชีววิทยาอุตสาหกรรม
1662,552269,เคมี
1663,552446,ระบบสารสนเทศ
1664,552347,การปกครอง
1665,552349,พันธุศาสตร์
1666,552349,เทคโนโลยีการบรรจุ
1667,552444,-
1668,552330,-
1669,552284,ชีววิทยาประยุกต์
1670,552302,ชีววิทยาประยุกต์
1671,562300,ชีววิทยาประมง
1672,562300,วิทยาศาสตร์สิ่งแวดล้อม
1543,552244,ปิโตรเคมีและวิทยาศาสตร์พอลิเมอร์
1544,552322,การจัดการทั่วไป
1545,552322,การจัดการผลิต
1566,552382, 
1567,552432,วิทยาศาสตร์เครื่องสำอาง
1568,552343,อุตสาหกรรมบริการ
1570,552328,ชีววิทยาประยุกต์
1573,552254, 
1580,552306,เทคโนโลยีชีวภาพ
1584,552262,ระบบสารสนเทศ
1585,552352,เทคโนโลยีเซรามิกส์
1586,552331,ชีววิทยาประยุกต์
1589,552396,การจัดการทั่วไป
1590,552310,วิศวกรรมเครื่องกล
1612,552297,ชีววิทยา
1613,552420,เทคโนโลยีคอมพิวเตอร์
1614,552297,จุลชีววิทยา
1615,552433,พัฒนาผลิตภัณฑ์อุตาหกรรมการเกษตร
1616,552309,เทคโนโลยีชีวภาพ
1617,552424,จุลชีววิทยา
1618,552428,เทคโนโลยีเซรามิกซ์
1620,552455,วิทยาศาสตร์สิ่งแวดล้อม
1622,552455,บริหารธุรกิจ (การจัดการ)
1646,552454,วิทยาศาสตร์สิ่งแวดล้อม
1647,552454,เทคโนโลยีและการจัดการสิ่งแวดล้อม
1648,552381, 
1649,552427,วิศวกรรมเซรามิก
1650,552301,สื่อสารมวลชน
1651,552301,เทคโนโลยีสารสนเทศธุรกิจ
1652,552288,เทคโนโลยีชีวภาพ
1678,552304,วิทยาศาสตร์และเทคโนโลยีการอาหาร
1682,552368, 
1686,552378, 
1688,552335,การจัดการการผลิตพืช
1692,552344,เทคโนโลยีการบรรจุ
1693,552239,บริหารธุรกิจ (การตลาด)
1694,552340,พืชศาสตร์
1695,552425,การจัดการทั่วไป
1697,552261,การตลาด
1702,552370,วิทยาศาสตร์สิ่งแวดล้อม
1703,552393,ช่างยนต์
1705,552390,เคมี-ชีววิทยา (วิทยาเขตปัตตานี)
1708,552246,เทคโนโลยีอุตสาหกรรมแขนงวิชาเครื่องกล
1709,552361,ชีววิทยาประยุกต์
1710,552263,อาหารและโภชนาการ
1711,552263,จุลชีววิทยา
1712,552409,เคมี
1713,552268,เคมี
1714,552256,คหกรรมศาสตร์ทั่วไป
1717,552345,วิจิตรศิลป์ (ภาพพิมพ์)
1718,552337,การจัดการการผลิตพืช
1720,552376,
1721,552369,รัฐประศาสนศาสตร์
1741,562295,ชีววิทยา
1746,552380,-
1755,552257,อาหารและโภชนาการ
1756,552456,วิทยาศาสตร์การอาหารและโภชนาการ
1757,552456,วิทยาศาสตร์สิ่งแวดล้อม
1758,390420,
1759,440356,อาชีวอนามัยและความปลอดภัย
1760,552238,วิศวกรรมสิ่งแวดล้อม
1761,552238,วิศวกรรมสิ่งแวดล้อม
1762,460230,Biomedical Science 
1763,450194,วิศวกรรมเครื่องกล
1764,380629,เภสัชเคมีและผลิตภัณฑ์ธรรมชาติ
1766,552479,เทคโนโลยีการหมัก
1770,510783,บริหารธุรกิจ
1771,430698,ส่งเสริมการเกษตร
1772,470725,บริหารทรัพยากรมนุษย์
1773,470725,การจัดการ
1774,401045,บริหารรัฐกิจ
1775,530838,บัญชี
1777,552480,เคมี
1778,552480,เคมี
1779,552451,เทคโนโลยีชีวภาพ
1673,552400,การตลาด
1674,552398,การตลาด
1675,552357,เทคโนโลยีชีวภาพ
1676,552357,เทคโนโลยีชีวภาพ
1677,552419,การตลาด
1679,552327,ออกแบบประยุกต์
1680,552280,เทคโนโลยีชีวภาพ
1681,552442,คอมพิวเตอร์ธุรกิจ
1683,552250,เคมี
1684,552260,วิทยาศาสตร์และเทคโนโลยีการอาหาร
1685,552426,วัสดุศาสตร์ (วิทยาเขตหาดใหญ่)
1687,552379,
1689,552316,เคมี
1690,552408,การบริหารทรัพยากรมนุษย์
1691,552344,เคมี
1696,552333, 
1698,552307, 
1699,552273,เทคโนโลยีสารสนเทศ
1700,552276,เคมี
1701,552360,เทคโนโลยีแม่พิมพ์เครื่องประดับ
1704,552373,-
1706,552392,เคมี
1707,552407,ออกแบบนิเทศศิลป์
1715,552285,ชีววิทยาประยุกต์
1716,552256,พัฒนาผลิตภัณฑ์อุตสาหกรรมเกษตร
1719,552411,คอมพิวเตอร์
1722,552366,วิศวกรรมสิ่งแวดล้อม
1723,552332,การจัดการทั่วไป
1724,552290,จุลชีววิทยา
1725,552286,พาณิชยกรรม
1726,552448,ชีววิทยา
1727,552421,เทคโนโลยีคอมพิวเตอร์
1728,562445,ช่างเทคนิคโลหะ
1729,552342,ศิลปกรรม ออกแบบนิเทศน์ศิลป์
1730,552430,วิศวกรรมเครื่องกล
1731,552375,-
1732,552272,ชีววิทยา
1733,552329,-
1734,552395,อุตสาหกรรมท่องเที่ยว(ธุรกิจโรงแรม)
1735,552434,วิทยาศาสตร์สิ่งแวดล้อม
1736,552279,เทคโนโลยีคอมพิวเตอร์
1737,552351,เคมี
1738,552350,เทคโนโลยีชีวภาพ
1739,552321,เกษตรกรรม
1740,562295,ชีววิทยา
1742,552264,บรรณารักษศาสตร์
1743,552266,เคมี
1744,552356,ชีววิทยา
1745,552356,เทคโนโลยีชีวภาพ
1747,552296,ชีววิทยา
1748,552258,-
1749,552253,อาหารและโภชนาการ
1750,552247,การจัดการทรัพยากรมนุษย์
1751,552401,การจัดการทั่วไป
1752,562308,ปฐพีศาสตร์
1753,552319,ปฐพีวิทยา
1754,552422,การบริหารทรัพยากรมนุษย์
1767,410287,วิศวกรรมไฟฟ้า
1776,552299,วิทย์-คณิต
1781,552465,วิทยาศาสตร์ชีวภาพป่าไม้
1787,552457,พืชสวน
1788,552457,พืชสวน
1790,552457,ชีววิทยา
1792,552458,การจัดการทั่วไป
1793,552474,การจัดการการท่องเที่ยว
1794,552473,เศรษฐศาสตร์เกษตร
1795,552473,เศรษฐศาสตร์เกษตร
1796,552476,วารสารศาสตร์
1797,552472,เศรษฐศาสตร์สหกรณ์
1798,552472,เศรษฐศาสตร์สหกรณ์
1799,552471,จุลชีววิทยา
1800,552471,วิทยาศาสตร์และเทคโนโลยีการอาหาร
1801,552464,ปฐพีวิทยา
1802,552464,ปฐพีวิทบา
1803,552470,วิศวกรรมการอาหาร
1804,552466,เทคโนโลยีชีวภาพ
1805,552463,จุลชีววิทยา
1806,552462,ปฐพีศาสตร์
1807,552460,การตลาด
1765,440731,Chemical Engineering
1768,552477,นิเทศศาสตร์
1769,450217,เทคโนโลยีอาหาร
1780,552451,วิทยาการทางเภสัช
1809,552459,เภสัชวิทยา
1810,552459,เภสัชวิทยา
1811,552461,
1812,520804,
1813,520806,วิทยาศาสตร์สิ่งแวดล้อม
1814,520807,
1815,520805,
1816,520808,
1817,530819,
1818,562481,วิศวกรรมการบินและอวกาศ
1819,562482,อุตสาหกรรมท่องเที่ยว
1820,440351,วิศวกรรมเคมี
1821,530824,นิติศาสตร์
1822,530824,นิติศาสตร์
1823,562492,วิทยาศาสตร์และเทคโนโลยีการอาหาร
1824,562493,เคมี
1825,562494,ชีววิทยา
1826,562495,วิทยาศาสตร์การเกษตร
1827,562496,การจัดการ
1828,562497,โรคพืช
1829,562498,เทคโนโลยีชีวภาพ
1830,562499,เทคโนโลยีหลังการเก็บเกี่ยว
1831,562500,เทคโนโลยีอาหาร
1832,562501,ช่างไฟฟ้ากำลัง
1838,562504,เคมี
1840,562507,อุตสาหกรรมการท่องเที่ยว
1841,562507,บริหารรัฐกิจ
1842,562507,การบริหารนโยบายและแผน
1843,562508,การบริหารทรัพยากรมนุษย์
1844,370627,เทคโนโลยีหลังการเก็บเกี่ยว (หลักสูตรนานาชาติ)
1845,562458,การจัดการทั่วไป
1846,562458,การจัดการทั่วไป
1847,562509,เคมี
1848,562510,การจัดการทั่วไป
1849,562511,อาหารและโภชนาการ - พัฒนาผลิตภัณฑ์
1850,562512,ศิลปกรรม
1851,562513,เทคดนโลยีบรรจุและวัสดุ
1852,562514,วิทยาศาสตร์สิ่งแวดล้อม
1853,562514,อาชีวอนามัยอละความปลอดภัย
1854,562514,เทคโนโลยีและการจัดการสิ่งแวดล้อม
1855,562515,
1857,562517, 
1858,562518,วิทยาศาสตร์สิ่งแวดล้อม
1859,290445,นิเทศศาสตร์ (การประชาสัมพันธ์)
1860,562519,การตลาด
1861,562520,วิทยาศาสตร์และเทคโนโลยีการอาหาร
1862,562521,วิศวกรรมไฟฟ้า
1863,562522,เครื่องกล
1864,559999,วิศวกรรมเคมี
1865,562250,เคมี
1866,562524,เคมี
1867,562525,เทคโนโลยีสิ่งแวดล้อม
1868,542223,อาชีวอนามัยและความปลอดภัย
1869,562526,การบริหารธุรกิจ (การบัญชี)
1873,562528,บริหารธุรกิจ 
1878,562533,ชีววิทยาประยุกต์
1894,562538,จุลชีวภาพวิทยา
1895,562538,จุลชีววิทยาประยุกต์
1898,562539,ชีววิทยาประยุกต์
1900,562540,เทคโนโลยีอาหาร
1901,562541,ปฐพีวิทยา
1902,562542,เคมี
1903,562542,การจัดการสิ่งแวดล้อม
1904,562537,การจัดการสิ่งแวดล้อม
1905,562452, 
1907,562544,การจัดการเทคโนโลยีอุตสาหกรรมเกษตร
1908,562226,การจัดการ
1909,562402,การจัดการทั่วไป
1910,562402,การตลาด
1911,572545,การประชาสัมพันธ์
1912,572545,การสื่อสารเพื่อการพัฒนา
1919,572548,วิศวกรรมอุตสาหการ
1915,572547,กีฏวิทยา
1784,552478,การจัดการ
1785,552468,รัฐศาสตร์
1786,552468,ภาษาอังกฤษเพื่อวัตถุประสงค์เฉพาะ
1791,552458,การจัดการทั่วไป
1808,552475,ภาษาอังกฤษ
1870,562527,การจัดการประมง
1899,562539,เทคโนโลยีชีวภาพ
1906,562544,อุตสาหกรรมการเกษตร
1914,572546,วิทยาศาสตร์ชีวภาพ
1917,430535,Quality Management
1918,430535,Quality Management
1921,572550,เทคโนโลยีการโทรทัศน์และวิทยุกระจายเสียง
1922,572551,วิทยาการคอมพิวเตอร์
1923,572552,วิศวกรรมวัสดุ
1924,572552,เคมีอุตสาหกรรม
1925,572553,วิศวกรรมพลาสติก
1926,572554,ฟิสิกส์ประยุกต์ -เครื่องมือวิทยาศาสตร์และอุตสาหกรร
1927,572555,วัสดุศาสตร์
1928,572556,สื่อสารมวลชน
1929,572557,วิศวกรรมเคมี
1930,572557,เคมีเทคนิค
1931,572558,วิทยาศาสตร์และเทคโนโลยีการอาหาร
1932,572559,เทคโนโลยีชีวภาพ
1933,572560,ทรัพยากรที่ดินและสิ่งแวดล้อม
1934,572560,เกษตรศาสตร์
1935,572561,เคมีนวัตกรรม
1936,572561,เคมี
1937,572562,พันธุศาสตร์
1938,572562,พันธุศาสตร์
1939,572563,จุลชีววิทยาประยุกต์
1940,572563, จุลชีววิทยา
1941,572564,การจัดการทั่วไป
1942,572575,เทคนิคการแพทย์
1943,572575,การจัดการการตลาด
1944,572575,อาชีวอนามัยและความปลอดภัย
1945,572569,ชีววิทยา
1946,572570,ชีววิทยา
1947,572571,วิทย์-คณิต
1948,572572,ไฟฟ้ากำลัง
1949,572573,วิทย์-คณิต
1951,572565,วิศวกรรมสิ่งแวดล้อม
1952,572566,สื่อสารมวลชน
1953,572567,วิทยาศาสตร์สิ่งแวดล้อม
1954,572568,เทคโนโลยีเครื่องประดับ
1955,572594,
1956,572592,
1957,572593,
1958,572591,
1959,572584,เทคโนโลยีอุตสาหกรรม 
1960,572585,ชีววิทยาประยุกต์ (จุลชีววิทยา)
1961,572586,จุลชีววิทยาอุตสาหกรรม
1962,572587,จุลชีววิทยาและปรสิตวิทยา
1963,572588,เทคโนโลยีชีวภาพ
1964,572589,พืชศาสตร์
1965,572590,เทคโนโลยีชีวภาพ
1966,572437,เทคโนโลยีและสื่อสารการศึกษา
1967,572437,การตลาด
1968,572483,เคมีวิเคราะห์
1969,572483,เทคโนโลยีวัสดุ
1970,572297,ชีววิทยา
1971,572297,จุลชีววิทยา
1972,572577,เทคโนโลยีชีวภาพ
1974,572578,ชีววิทยา (จุลชีววิทยา)
1975,572576,เคมี
1976,572579,บัญชี-การเงิน
1977,572580,วิทยาศาสตร์และเทคโนโลยีการอาหาร
1978,572580,พัฒนากผลิตภัณฑ์อุตสาหกรรมเกษตร
1979,572581,เคมีอุตสาหกรรม-เครื่องมือวิเคราะห์
1980,572582,เทคโนโลยีไฟฟ้าอุตสาหกรรม
1981,572583, -
1982,312035,ช่างกลโรงงาน
1983,572602,นิเทศศาสตร์(การโฆษณา)
1984,572603,วิศวกรรมเครื่องกล
1985,572604,เคมี
1986,572357,เทคโนโลยีชีวภาพ
1833,562502,พืชสวน
1834,562502,สรีรวิทยาพืช
1835,562503,พืชสวน
1836,562505,ช่างยนต์
1837,562506,ฟิสิกส์
1839,562504,เคมีอุตสาหกรรม
1920,572549,วิศวกรรมอุตสาหการ
1950,572574,วิทย์-คณิต 
1973,572577,เทคโนโลยีชีวภาพ
1987,572599,
1988,572600,
1990,470362,วิศวกรรมเครื่องกล
1993,572605,พอลิเมอร์
1992,572606,เทคโนโลยีการผลิต
1994,572607,วิศวกรรมไฟฟ้า
1995,572608,การจัดการทั่วไป
2012,582618,การบริหารทรัพยากรมนุษย์
2000,572612,ม.ต้น
2001,572613,ม.ต้น
2002,572614,ม.ปลาย
2004,572616,ป.7
2005,530591,คอมพิวเตอร์ธุรกิจ
2006,401024,ชีววิทยา
2007,552269,เภสัชเคมีและพฤกษเคมี
2008,552414,คอมพิวเตอร์ธุรกิจ
2009,401049,เทคนิคอุตสาหกรรม
2010,552416,การจัดการทั่วไป
2013,582619,เทคโนโลยีอุตสาหกรรมแขนงเทคโนโลยีเครื่องกล
2014,582620,วิศวกรรมเคมี
2015,582620,เคมีวิศวกรรม
2017,410068,วิศวกรรมการผลิต
2018,582622,การตลาด
2019,582622,การจัดการทั่วไป
2020,582623,เคมี
2021,582624,เคมี
2022,582625,ชีวเคมี
2023,582625,ชีวเคมี
2024,582627,ไฟฟ้ากำลัง
2025,390650,การจัดการสิ่งแวดล้อม
2026,470410,เทคโนโลยีอาหาร
2029,510774,ชีววิทยา
2030,510774,ชีววิทยา
2032,360156,รัฐศาสตร์
2033,480742, บริหารธุรกิจ
2035,582628,ชีววิทยา
2036,582317,วิทยาการคอมพิวเตอร์
2038,582534,พันธุศาสตร์
2039,582597,ปิโตรเคมีและวัสดุพอลิเมอร์
2040,582597,เทคโนโลยีพลังงาน
2041,582407,ออกแบบนิเทศศิลป์ (ศิลปกรรม)
2042,582398,การตลาด
2043,582399,การจัดการทั่วไป
2046,380566,การจัดการสิ่งแวดล้อม
2047,582301,สื่อสารมวลชน
2048,582629,วิศวกรรมเครืองกล
2050,582631,เทคโนโลยีเครือข่าย
2052,582633,เทคโนโลยีชีวภาพ
2053,582633,วิศวกรรมเคมีและกระบวนการ
2057,582636,การจัดการทั่วไป
2058,582637,วิศวกรรมโยธา
2060,582640,หลักการผลิตพืช (พืชสวน)
2061,582639, 
2062,582572,ไฟฟ้ากำลัง
2063,582208, 
2064,582436,เทคโนโลยีและการสื่อสารการศึกษา
2065,422209,รัฐศาสตร์ (การบริหารรัฐกิจ)
2066,470714,Marketing 
2067,350615,การบริหารจัดการทารงการเงิน (การจัดการการเงิน)
2070,582550, รัฐประศาสนศาสตร์
2071,582502,พืชสวน
2072,582335,การจัดการการผลิตพืช
2073,582401,การจัดการทั่วไป
2074,582440,วิศวกรรมพอลิเมอร์
2075,582642,เคมี
2076,582643,เคมี
2077,582641,เทคโนโลยีชีวภาพ
2078,582641,เทคโนโลยีชีวภาพ
2079,582644,วิทยาศาสตร์สิ่งแวดล้อม
1856,562516, 
2037,582534,ชีววิทยา
2044,390695,กฎหมายเอกชนและกฎหมายธุรกิจ
2059,582638,วิศวกรรมเคมี
2068,380673,Environmental Management
2080,582247,การจัดการทรัพยากรมุนษย์
2081,582248,บริหารธุรกิจ
2082,582646,เทคโนโลยียานยนต์
2083,582646,วิศวกรรมเครื่องกล
2084,582645,เคมี
2085,582645,เคมี
2086,582302,ชีววิทยาประยุกต์
2087,582647,เภสัชศาสตร์
2088,582647,เภสัชวิทยา
2089,582648,ชีววิทยา
2090,582648,เทคโนโลยีชีวภาพ
2091,582649,ปฐพีศาสตร์
2092,582650,คอมพิวเตอร์ธุรกิจ
2093,582651,เครื่องจักรกลเกษตร
2098,582652,วิศวกรรมไฟฟ้า
2095,190343,นิเทศศาสตร์ (การประชาสัมพันธ์)
2096,582535,วัสดุศาสตร์
2099,582652,วิศวกรรมไฟฟ้า
2100,582653,วิศวกรรมและเทคโนโลยีการเกษตร
2103,582654,การจัดการการผลิต
2104,582655,อาชีวอนามัยและความปลอดัย
2106,581024,ชีววิทยา
2109,520798,ฟิสิกส์
2110,440726,Environmental Science
2111,480741,Chemical and Environmental Engineering
2112,480734,Food Science and Technology
2113,470720,School of Biology
2121,582663,ไฟฟ้ากำลัง
2123,582658,วิศวกรรมเคมี
2124,582658,วิศวกรรมเคมี
2125,582661,วิศวกรรมเคมี
2126,582661,วิศวกรรมเคมี (พลอลิเมอร์)
2127,581024,วิทยาศาสตร์และเทคโนโลยีทางอาหาร
2128,582670, เคมี
2129,582669,การตลาด
2131,582667,เทคโนโลยีชีวภาพ
2132,582667,วิศวเภสัชกรรม
2133,582666,นิติศาสตร์
2135,582671, วิศวกรรมเคมี
2136,582671,วิศวกรรมอุตสาหการ
2141,582675,เทคโนโลยีชีวภาพ
2142,582610,การจัดการทั่วไป
2144,582610,สารสนเทศเพื่อการสื่อสาร
2146,582672,การจัดการทั่วไป
2147,582673, ชีวเคมี
2148,562503,การจัดการการเกษตร
2149,562497,ธุรกิจการเกษตร
2150,420681,การจัดการ
2151,380671,การจัดการเทคโนโลยีและนวัตกรรม
2154,592679,สาขาวิชาการโฆษณา
2155,592680,อุตสาหกรรมเกษตร
2156,592680,ระบบสนับสนุนการตัดสินใจ
2157,592681,ไฟฟ้ากำลัง
2158,592682,สัตวศาสตร์
2159,592682,เทคโนโลยีชีวภาพทางการเกษตร
2161,592684,ปฐพีวิทยา
2163,592389,ชีววิทยาประยุกต์
2164,592686,วิศวกรรมไฟฟ้า
2166,592689,ศิลป์ภาษาจีน
2167,592690,เกษตรศาสตร์ิ
2168,592691,ปฐพีวิทยา
2170,592693,ชีววิทยา
2171,592693,ทันตชีววัสดุศาสตร์
2176,592694,เคมีอุตสาหกรรมเครื่องมือวิเคราะห์
2177,592695,วิทยาศาสตร์เกษตร
2178,592695,พืชไร่
2179,510769,วิศวกรรมการผลิต
2180,552447,มาตรวิทยา
2187,592697,วิศวกรรมอาหาร
1871,562527,เทคโนโลยีและการจัดการสิ่งแวดล้อม
1872,562528,บริหารธุรกิจ
1874,562530,เทคโนโลยีอาหาร
1875,562531,Materials Engineering
1876,562529,คอมพิวเตอร์ธุรกิจ
1877,562532,พืชศาสตร์
1879,562534,ชีววิทยา
1880,562534,พันธุศาสตร์
1881,460366,การพัฒนาทรัพยากรมนุษย์และองค์การ
1882,500759,บริหารธุรกิจ
1883,380636,เทคโนโลยีอุตสาหกรรม (เทคโนโลยีก่อสร้าง)
1884,530832,วัสดุศาสตร์
1885,552436,เทคโนโลยีและสื่อสารการศึกษา
1886,552354,คอมพิวเตอร์ธุรกิจ
1887,552442,การบริหารธุรกิจ (คอมพิวเตอร์ธุรกิจ)
1888,380670,วิศวกรรมอุตสาหการ
1889,552393,วิศวกรรมเครื่องกล
1890,552400,การจัดการ
1891,340513,การสื่อสารพัฒนาการ
1892,562535,วัสดุศาสตร์
1893,562536,การจัดการ-การจัดการทั่วไป
2069,380673,Natural Resource Management and Policy
2140,582674,พัฒนาผลิตภัณฑ์อุตสาหกรรมเกษตร
2181,582311,ชีววิทยา
2186,592697,วิศวกรรมอาหาร
2190,592699,วิศวกรรมเคมี
2191,592699,วิศวกรรมเคมี
2192,592700,บริหารรัฐกิจ
2194,592701,ปิโตรเคมีและพอลิเมอร์
2195,592702,รัฐประศาสนศาสตร์
2196,592703,การจัดการ
2197,592704,วิทยาศาสตร์การเกษตร
2198,592705,เทคโนโลยีหลังการเก็บเกี่ยว
2199,592706,พืชสวน
2200,592706,เทคโนโลยีชีวภาพทางการเกษตร
2201,592707,กีฏวิทยา
2202,592708,วิศวกรรมเคมี
2203,592708,วิศวกรรมเคมี
2204,470717,Biological Sciences
2205,592711,เทคโนโลยีอุตสาหกรรมเกษตร
2206,592711,วิศวกรรมอาหาร
2207,592526,การบัญชี
2212,592593,ม.ปลาย
2213,592712,วิทยาศาสตร์และเทคโนโลยีการอาหาร
2214,592712,วิทยาศาสตร์และเทคโนโลยีการอาหาร
2215,592713,วิทยาศาสตร์และเทคโนโลยีสิ่งแวดล้อม
2216,592714,คอมพิวเตอร์ธุรกิจ
2217,592715,พืชสวน
2218,592716,วิทยาศาสตร์การเกษตร
2219,592716,พืชสวน (เกษตรศาสตร์)
2222,592718,การปกครองท้องถิ่น
2223,592719,สื่อสารมวลชน
2228,592722,การจัดการทรัพยากรดินและสิ่งแวดล้อม
2225,592720,ผลิตภัณฑ์ประมง
2226,592720,ผลิตภัณฑ์ประมง
2227,592721,ม.ปลาย
2229,592722,การจัดการ
2230,592723,เกษตรศาสตร์
2233,592726,การบัญชี
2234,592731,การบริหารทั่วไป
2235,592732,ชีววิทยา
2237,572423,คอมพิวเตอร์ศึกษา
2238,572518,วิทยาศาสตร์สิ่งแวดล้อม
2239,592727,วิศวกรรมสิ่งแวดล้อม
2240,592727,วิศวกรรมสิ่งแวดล้อม
2241,592728,วิศวกรรมสิ่งแวดล้อม
2243,592729,การจัดการเทคโนโลยีการผลิตและสารสนเทศ
2244,592730,วิศวกรรมไฟฟ้า
2246,592733,ชีววิทยา
2247,592733,พันธุศาสตร์
2248,592734,จุลชีววิทยา
2249,592734,จุลชีววิทยาประยุกต์
2250,592735,จุลชีววิทยา
1916,572547,กีฏวิทยา
1996,572609,วิทยาการคอมพิวเตอร์
2220,592717,เกษตรศาสตร์
2236,562369,รัฐประศาสนศาสตร์
2242,592728,วิศวกรรมสิ่งแวดล้อม
2251,592736,ปฐพีวิทยา
2252,592615,เทคโนโลยีชีวภาพ
2253,592568,เทคโนโลยีแม่พิมพ์เครื่องประดับ
2254,592625,ชีวเคมี
2255,592625,ชีวเคมี
2256,592625,เทคโนโลยีชีวภาพ
2257,592597,ปิโตรเคมีและวัสดุพอลิเมอร์
2258,592597,เทคโนโลยีพลังงาน
2259,592709,อุตสาหกรรมงานอาหาร
2260,592709,การจัดการทั่วไป
2261,592710,วารสารศาสตร์สิ่งพิมพ์
2262,592710,กลยุทธ์การสื่อสาร
2263,592737,วิทยาศาสตร์เกษตร
2264,592737,พืชไร่
2265,592337,การจัดการการผลิตพืช
2266,592738,ภาษาไทย
2267,592739,ธุรกิจระหว่างประเทศ
2268,592740,ฟิสิกส์ประยุกต์
2269,592741,เทคโนโลยีสิ่งแวดล้อม
2271,592743,วิศวกรรมชีวภาพ
2273,592746,วิทยาศาสตร์และเทคโนโลยีการอาหาร
2275,592747,กฎหมายธุรกิจ
2276,592747,
2277,592752,วิทยาศาสตร์และคณิตศาสตร์
2278,592665,การถ่ายทอดภาพดิจิทัลและการออกแบบกราฟิก
2284,592758,การบริหารธุรกิจแขนงวิชาการ
2285,592759,เคมี
2286,592761,นิติศาสตร์
2289,592763,ผลิตภัณฑ์ประมง
2290,592763,ธุรกิจการเกษตร
2291,592764,จุลชีววิทยาอุตสาหกรรม
2292,592764,ชีวเคมี
2293,592765,การบริหารทรัพยากรมนุษย์
2294,592766,การจัดการทรัพยากรมนุษย์
2297,592768,เคมี
2298,592768,วิศวกรรมเคมี
2299,592769,เศรษฐศาตร์เกษตร
1989,572595,วิศวกรรมสารสนเทศ
2231,592724,พืชสวน
2232,592725,ศิลป์-ทั่วไป
2270,592742,เคมี
2295,592767,นิติศาสตร์
1997,572610,สารสนเทศเพื่อการสื่อสาร
1998,572611,เครื่องกล
2003,572615,เทคโนโลยีชีวภาพ
2107,440727,Philosophy in Engineering
2108,582292,จุลชีววิทยา
2130,582668, วิศวกรรมเครื่องกล
2145,582676,เทคโนโลยีและการจัดการความปลอดภัยของอาหาร
2287,592760,การบัญชี
2288,592760,นิเทศศาสตร์ธุรกิจ
2300,582638,เทคโนโลยีชีวภาพ
2031,360156,การธนาคารและธุรกิจการเงิน
2105,250018,รัฐประศาสนศาสตร์ (บริหารทรัพยากรมนุษย์)
2182,582311,เทคโนโลยีชีวภาพ
2188,592698,เคมี
2189,592698,ปิโครเคมีและวิทยาศาสตร์พอลิเมอร์
2193,592701,เคมี
2274,592747,นิติศาสตร์ (เกียรตินิยมอันดับ 1)
2045,320046,อิเล็กทรอนิกส์
2049,582630,อุตสาหการ
2051,582632,วิศวกรรมอุตสาหการ
2054,582634,ทรัพยากรที่ดินและสิ่งแวดล้อม
2055,582634,ทรัพยากรที่ดินและสิ่งแวดล้อม
2056,582635,ชีววิทยา
2114,582660,ฟิสิกส์อุตสาหกรรม
2115,582660,มาตรวิทยา
2172,582665,
2117,582659,การตลาด
2118,582659,การจัดการทั่วไป 
2119,582662,สถิติ
2120,582662,จิตวิทยาอุตสาหกรรมและองค์การ
2122,582664,อาชีวอนามัยและควมปลอดภัย
2137,582235,ภาษาอังกฤษเพื่อการสื่อสารสากล
2152,592677,วิศวกรรมไฟฟ้า
2153,592678,ผ้าและเครื่องแต่งกาย-ธุรกิจเสื้อผ้า
2160,592683,วิทยาศาสตร์เกษตร
2165,592687,คอมพิวเตอร์ธุรกิจ
2169,592692,ระบบสารสนเทศทางคอมพิวเตอร์
2173,460272,วิศวกรรมเครื่องกล (Mechanical Science)
2174,470728,Chemical and Environmental Engineering
2175,430122,พิษวิทยา (Toxicology)
2245,592730,ECONOMICS
2279,592754,นิติศาสตร์
2280,592754,การจัดการธุรกิจระหว่างประเทศ
2281,592755,Instrumentation Engineering
2282,592756,ระบบสารสนเทศทางคอมพิวเตอร์
2097,582371,วิทยาศาสตร์สิ่งแวดล้อม
2101,582653,วิศวกรรมเครื่องกล
2102,582654,วิศวกรรมการอาหาร
2183,592633,เทคโนโลยีชีวภาพ
2184,592633,วิศวกรรมเคมีและกระบวนการ
2185,592696,นิติศาสตร์
2272,592745,วิทยาศาสตร์สิ่งแวดล้อม
2221,592717,วิทยาการพืช
2283,592757,วิศวกรรมอุตสาหการ
2296,592767,กฎหมายอาญา
2302,602770,นิติศาสตรบัณฑิต
2303,602771,จิตวิทยาอุตสาหกรรมและองค์การ
2304,602772,บริหารทั่วไป
2305,602773,รัฐศาสตร์
2306,370269,บรรณารักษศาสตร์และสารสนเทศศาสตร์
2307,602786,วิทยาศาสตร์ (ฟิสิกส์)
2308,602786,วิทยาศาสตร์และวิศวกรรมวัสดุ
2309,602787,ส่งเสริมและนิเทศศาสตร์
2311,602788,จุลชีววิทยา
2312,602789,วิทยาศาสตร์เคมีอุตสาหกรรม
2314,562536,การจัดการทั่วไป
2315,552414,เทคโนโลยีสารสนเทศ
2317,592767,กฎหมายเศรษฐกิจ
2318,440038,เคมีอุตสาหกรรม
2320,530843,บริหารธุรกิจ
2322,552291,การจัดการทั่วไป
2323,562698,วิทยาศาสตร์เคมี
2324,562698,ปิโตรเคมีและวิทยาศาสตร์โพลิเมอร์
2535,612850,เทคนิคการแพทย์
2326,572537,เทคโนโลยีชีวภาพ
2327,572537,เทคโนโลยีชีวภาพ
2328,330096,การตลาด
2329,330096,เทคโนโลยีการพิมพ์
2330,552336,ส่งเสริมการเกษตร
2332,360510,Packaging Technology
2333,360510,Packaging Technology
2334,602793,การพัฒนาทรัพยากรมนุษย์และองค์การ
2335,602793,การเมืองการปกครอง
2336,240460,คอมพิวเตอร์ธุรกิจ
2341,602798,เทคโนโลยีการโฆษณาและประชาสัมพันธ์
2342,602726,การบัญชี
2343,602676,เทคโนโลยีและการจัดการความปลอดภัยของอาหาร
2344,602346,เทคโนโลยีหลังการเก็บเกี่ยว
2358,602797,เทคโนโลยีขนถ่ายวัสดุ
2364,602761,2559
2367,602744,วิทยาการและวิศวกรรมพอลิเมอร์
2368,602536,การจัดการทั่วไป
2369,602536,การจัดการทั่วไป
2371,602799,การออกแบบและพัฒนาระบบอุตสาหกรรม
2372,602803,เคมี
2373,602804,ฟิสิกส์
2374,602800,พัฒนาผลิตภัณฑ์อุตสาหกรรมเกษตร
2375,602804,ฟิสิกส์
2377,602800,อุตสาหกรรมเกษตร
2379,602805,ชีววิทยา
2380,602802,เทคโนโลยีสารสนเทศการศึกษา
2381,602803,เคมี
2383,602805,ชีววิทยา
2384,602801,เทคนิคการแพทย์
2385,602801,ชีวเวชศาสตร์
2386,602807,วางแผนและพัฒนาเศรษฐกิจ
2388,602809,สัตวศาสตร์
2391,562491,บัญชี
2390,291039,-
2392,381022,การบริหารธุรกิจ (การบัญชี)
2393,602811,เทคโนโลยีชีวภาพ
2394,602811,เภสัชวิทยา
2395,602812,การบัญชี
2397,602680,ระบบสนับสนุนการตัดสินใจ
2399,602716,วิทยาศาสตร์การเกษตร
2400,600820,การจัดการทั่วไป
2401,602813,เทคโนโลยีการบรรจุ
2404,552416,วิทยาการจัดการ
2405,602816,ชีววิทยา
2406,602817,ปฐพีศาสตร์
2407,602491,การบัญชี
2408,602818,เทคโนโลยีทางทะเล
2378,602807,การจัดการการผลิต
2387,602808,วิศวกรรมพลาสติก
2396,602680,อุตสาหกรรมเกษตร
2398,602716,เกษตรศาสตร์ (พืชสวน)
2402,582247,การจัดการ
2403,582642,เคมีประยุกต์
2410,602820,รัฐศาสตร์
2411,602820,ศิลปศาสตร์
2412,602820,รัฐประศาสนศาสตร์
2415,582407,ศิลปกรรม
2416,582235,การจัดการทรัพยากรมนุษย์
2417,510778,การตลาด
2418,582248,การจัดการทั่วไป
2419,602822,วิศวกรรมวัสดุ
2420,602822,เคมีอุตสาหกรรม
2421,552432,วิทยาศาสตรศึกษา
2422,592615,เทคโนโลยีชีวภาพ
2423,582628,การจัดการทั่วไป
2424,552426,วิศวกรรมวัสดุ
2425,572609,การจัดการ
2426,552330,-
2427,510772,วัสดุศาสตร์
2428,612823,เทคโนโลยีการโทรทัศน์และวิทยุกระจายเสียง
2429,612824,วิศวกรรมเกษตร
2430,612824,วิศวกรรมเกษตร
2431,612824,วิศวกรรมเกษตร
2432,510785,พยาธิชีววิทยา
2433,612825,การจัดการทรัพยากรมนุษย์
2434,612826,เคมีอุตสาหกรรม
2435,612827,การจัดการทั่วไป
2436,612345,ภาพพิมพ์
2437,612831,เคมี
2438,612244,เคมี
2439,612244,ปิโตรเคมีและวิทยาศาสตร์พอลิเมอร์
2440,612394,วิศวกรรมอุตสาหการ
2441,612394,วิศวกรรมอุตสาหการ
2442,612828,ไฟฟ้ากำลัง
2443,612829,การบริหารทั่วไป
2444,612830,ฟิสิกส์ประยุกต์
2446,552354,ระบบสารสนเทศ
2448,562490,การตลาด
2449,612832,วิศวกรรมวัสดุ
2450,612833,ศึกษาศาสตร์เกษตร
2451,612833,การจัดการทรัพยากร
2452,612835,ภาษาอังกฤษเพื่อการสื่อสาร
2453,612836,รัฐศาสตร์บริหารรัฐกิจ
2455,612837,เครื่องกล
2456,612837,วิศวกรรมวัสดุ
2457,612838,กฎหมายเพ่งอาญา
2459,622839,การจัดการ-การจัดการทั่วไป
2461,612841,ศิลป์-ทั่วไป
2462,612842,วิทยาศาสตร์สิ่งแวดล้อม
2463,612843,เคมีอุตสาหกรรม
2464,612843,เคมี
2465,612844,การจัดการ-การจัดการทั่วไป
2466,370237,การใช้ที่ดินและการจัดการทรัพยากรธรรมชาติอย่างยั่งย
2467,420606,วิทยาศาสตร์ชีวภาพ
2468,420103,Horticulture
2469,520791,พืชสวน
2470,470380,เทคโนโลยีชีวภาพ
2471,530834,เกษตรเขตร้อน
2472,602695,วิทยาศาสตร์เกษตร
2473,602695,พืชไร่
2475,602814,ประสาทวิทยาศาสตร์
2476,510777,เทคโนโลยีอุตสาหกรรมชีวภาพ
2477,582255,ผลิตภัณฑ์ประมง
2479,602810,สัตวแพทย์
2480,เธเธฃเธ,จุลชีววิทยา
2481,430698,ส่งเสริมและพัฒนาการเกษตร
2482,440709,เทคโนโลยีชีวภาพ
2483,340292,ช่างเชื่อมและโลหะแผ่น
2409,602819,สิ่งแวดล้อม
2413,602821,เคมีอุตสาหกรรม
2414,602821,วิศวกรรมเคมี
2484,420164,Mechanical Engineering
2485,602566,การจัดการสิ่งแวดล้อม
2486,390661,เคมี
2487,572605,เคมี
2489,390693,วิศวกรรมไฟฟ้าและคอมพิวเตอร
2490,602651,วิศวกรรมเครื่องจักรกล
2491,552419,รัฐประศาสนศาสตร์
2492,560809,เศรษฐศาสตร์ธุรกิจ
2493,360448,วิศวกรรมโลหการ
2498,612845,เภสัชวิทยาและวิทยาศาสตร์ชีวโมเลกุล
2499,612846,การตลาด
2656,622921,เคมี
2502,602815,วิทยาศาสตร์ความปลอดภัย 
2503,371010,การจัดการทั่วไป
2504,380558,พัฒนสังคมศาสตร์
2505,602791,ปฐพีวิทยา
2506,602775,เทคโนโลยีอุตสาหกรรมเกษตร
2507,602776,ชีววิทยา
2508,602777,เทคโนโลยีชีวภาพ
2509,602779,เทคโนโลยีชีวภาพ
2510,602780,วิทยาศาสตร์และเทคโนโลยีสิ่งแวดล้อม
2511,592750,-
2512,602774,เทคโนโลยีอุตสาหกรรม 
2513,592751,-
2514,602781,-
2516,602783,-
2517,602784,-
2518,602785,-
2520,441075,-
2521,602355,ชีววิทยา
2523,602819,วิทยาศาสตร์และเทคโนโลยีสิ่งแวดล้อม
2524,562489,เทคโนโลยีทางอาหาร
2525,562489,บริหารธุรกิจ
2526,592753,การเงินและการธนาคาร
2527,612834,วิทยาการคอมพิวเตอร์
2528,572617,คอมพิวเตอร์ธุรกิจ
2529,291077, -
2530,612847,พืชไร่
2531,612847,พืชไร่
2532,612669,การตลาด
2534,612849,วิทยาการคอมพิวเตอร์
2536,612850,สาขาชีวเวชศาสตร์
2538,612851,วิศวกรรมไฟฟ้า
2540,612852,วิศวกรรมเครื่องกล
2541,612853,2554
2542,612854,วิศวกรรมเครื่องกล
2544,612855,เคมี
2545,612862,วิทยาศาสตร์การแพทย์
2547,612776,ชีววิทยา
2549,612864,สัตวศาสตร์
2550,612864,เทคโนโลยีชีวภาพทางการเกษตร
2551,612865,จุลชีววิทยา
2552,612856,-
2553,612857,-
2555,612859,-
2558,612781,-
2559,612782,-
2560,612783,-
2563,619999,วัสดุศาสตร์ (เซรามิกส์)
2565,619999,Ceramic Science and Engineering
2566,470721,วิศวกรรมเครื่องกล
2568,612866,ภาษาอังกฤษธุรกิจ
2569,612866,การตลาด
2571,612618,การบริหารทรัพยากรมนุษย์
2574,610788,อุตสาหกรรมการบริการ
2575,611045,รัฐประศาสนศาสตร์ 
2576,612532,พืชศาสตร์-พืชสวน
2577,622875,เทคโนโลยีชีวภาพ
2445,450100,เทคโนโลยีอุตสาหการ
2454,612832,วิศวกรรมศาสตร์และกระบวนการ
2458,612838,กฎหมายธุรกิจ
2460,612840,รัฐศาสตร์
2474,582502,เกษตรศาสตร์
2488,360391,วิทยาศาสตร์สิ่งแวดล้อม
2494,602403,การจัดการทั่วไป
2496,เธงเธฃเธ,การพิมพ์
2500,612503,การจัดการการผลิตพืช
2515,602782,-
2519,592762,เทคโนโลยีสารสนเทศการศึกษา
2522,382046,บัญชี
2533,612848,วิศวกรรมเครื่องนุ่มห่ม
2537,612851,วิศวกรรมไฟฟ้า
2564,619999,Ceramic Science and Engineering
2567,390597,เทคโนโลยีสิ่งแวดล้อม
2570,612868,การตลาด-การบริหารการตลาด
2572,612350,ช่างเทคนิคการผลิต
2573,612384,วิศวกรรมไฟฟ้า
2578,612876,การจัดการทั่วไป
2579,612877,การจัดการ
2580,602788,เภสัชศาสตร์ชีวภาพ (จุลชีววิทยา)
2582,622879,นิติศาสตร์
2583,622880,วิทยาการคอมพิวเตอร์ประยุกต์
2584,622881,เคมีอุตสาหกรรม
2585,622408,การบริหารทรัพยากรมนุษย์
2586,622884,การจัดการทั่วไป
2587,622882,Business English Communication
2588,622883,วิศวกรรมเคมี
2589,622883,เทคโนโลยีพลังงาน
2590,622882,Business Administration
2591,622887,เทคโนโลยีการบรรจุ
2592,622489,เทคโนโลยีอาหาร
2593,622489,การตลาด
2594,622888,ออกแบบผลิตภัณฑ์
2596,622512,ศิลปกรรม
2597,622886,เทคโนโลยีชีวภาพ
2598,622886,ภาษาไทย
2600,622756,ระบบสารสนเทศทางคอมพิวเตอร์
2601,622530,เทคโนโลยีการอาหาร
2602,622889,วัสดุศาสตร์
2603,622892,วิทยาการคอมพิวเตอร์
2604,622891,เทคโนโลยีอินเทอร์เน็ตและสารสนเทศ
2605,622891,วิทยาการคอมพิวเตอร์
2606,622890,พยาบาลศาสตร์และผดุงครรภ์ชั้นสูง
2607,622890,การเจริญพันธุ์และวางแผนประชากร
2608,622890,ประชากรศึกษา
2609,622893,เคมี
2610,622894,เทคโนโลยีการบรรจุและวัสดุ
2611,622895,สารสนเทศศึกษา
2616,622899,เทคโนโลยีวิศวกรรมการทำความเย็นและการปรับอากาศ
2618,622900,สัตวศาสตร์
2619,622902,วิศวกรรมเคมี
2620,622903,อาชีวอนามัยและความปลอดภัย
2621,622701,ปิโตรเคมีและวิทยาศาสตร์ พอลิเมอร์ 
2622,622701,เคมี
2623,622904,นิติศาสตร์
2624,622905,การจัดการลุ่มน้ำ และสิ่งแวดล้อม
2625,622906,สัตวแพทยศาสตรบัณฑิต
2626,622907,ชีววิทยา
2627,622908,เคมีอุตสาหกรรม-เครื่องมือวิเคราะห์
2628,622912,สถิติ
2629,612870,ชีววิทยา
2631,622909,เทคโนโลยีชีวภาพ
2632,622909,พืชสวน
2633,622909,พืชสวน
2634,622910,วิทยาศาสตร์สิ่งแวดล้อม
2447,562490,เทคโนโลยีการบรรจุ
2562,612785,-
2617,622901,การจัดการ
2635,622911,อาหารและโภชนาการ
2636,622913,วิทยาศาสตร์และเทคโนโลยีการอาหาร
2637,612867,การจัดการ-การจัดการทรัพยากรมนุษย์
2638,622914,วิทยาศาสตร์และเทคโนโลยีการอาหาร
2640,622916,วิทยาศาสตร์และเทคโนโลยีการอาหาร
2641,622916,เทคโนโลยีอุตสาหกรรมชีวภาพ
2642,622917,จุลชีววิทยาอุตสาหกรรม
2644,400413,Microbiology
2645,592686,วิศวกรรมไฟฟ้า
2646,622918,ภาษาไทย
2647,621065,บริหารงานบุคคล
2648,622609,วิทยาการคอมพิวเตอร์ 
2649,622609,การจัดการ
2650,622423,คอมพิวเตอร์ศึกษา
2651,622430,วิศวกรรมเครื่องกล
2652,622919,พืชสวน
2653,622920,เทคโนโลยีสารสนเทศ
2654,612871,การจัดการ-การจัดการสำนักงาน
2655,370476,Science of Engineer
2657,622921,ปิโตรเคมีและวิทยาศาสตร์พอลิเมอร์ 
2658,622921,ปิโตรเคมี 
2661,622923,วิศวกรรมเครื่องกล
2662,622924,วิศวกรรมเคมีสิ่งทอ
2663,622925,เคมีอุตสาหกรรม
2665,622926,เคมี
2666,622926,เคมี
2667,630806,วิทยาศาสตร์สิ่งแวดล้อม
2668,632916,วิทยาศาสตร์และเทคโนโลยีการอาหาร
2669,632916,เทคโนโลยีอุตสาหกรรมชีวภาพ
2670,632927,วิศวกรรมเคมี
2671,632927,ธุรกิจการเกษตร
2672,632928,วิศวกรรมวัสดุ
2673,632929,วิทยาศาสตร์การอาหารและโภชนาการ
2674,632929,วิทยาศาสตร์การอาหาร
2675,632929,วิทยาศาสตร์การอาหาร
2676,450165,Science Communication
2677,622930,วิทยาการคอมพิวเตอร์
2678,632931,การจัดการ
2679,632932,ส่งเสริมและนิเทศศาสตร์เกษตร
2680,632932,วิทยาศาสตร์และเทคโนโลยีสิ่งแวดล้อม
2681,632930,วิทยาการคอมพิวเตอร์
2682,632933,วิศวกรรมเครื่องกล
2684,632935,ชีววิทยา
2685,600820,เกษตรศาสตร์และสหกรณ์
2686,632818,เทคโนโลยีทางทะเล
2687,632843,เคมีอุตสาหกรรม
2688,632843,เคมี
2689,632936,รัฐศาสตร์
2690,632937,เคมีอุตสาหกรรมและสิ่งแวดล้อม
2691,632937,เคมีอุตสาหกรรม
2692,632938,วิทยาศาสตร์สิ่งแวดล้อม
2693,632939,พืชสวน
2694,632939,วิทยาศาสตร์และเทคโนโลยีการจัดการทางดิน
2695,632709,อุตสาหกรรมงานอาหาร
2696,632709,การจัดการทั่วไป
2698,632940,เทคโนโลยีสารสนเทศ
2701,632943,ภาษาอังกฤษ
2703,632920,เทคโนโลยีสารสนเทศ
2704,632945,วิศวกรรมอาหาร
2706,632944,การจัดการการบิน
2707,632848,วิศวกรรมสิ่งทอ
2708,520790,Bioenvironmental Science
2581,622878,เทคโนโลยีอาหาร
2595,622885,เคมี
2599,622886,ภาษาไทย
2613,622897,วิทยาศาสตร์เกษตร
2614,622897,พืชสวน
2683,632934,วิศวกรรมกระบวนการชีวภาพ
2699,632941,เทคโนโลยีอุตสาหกรรม  (แขนงเทคโนโลยีการผลิต)
2700,632942,เทคโนโลยีสารสนเทศธุรกิจ
2639,622915,วิศวกรรมอุตสาหการ
2643,510776,การพัฒนาผลิตภัณฑ์อุตสาหกรรมเกษตร
2310,602787,วิทยาศาสตร์และเทคโยโลยีการจัดการทางดิน
2313,562531,วิศวกรรมวัสดุ
2319,592728,อาชีวอนามัยและความปลอดภัย
2321,330297,การจัดการอุตสาหกรรม
2331,602396,การจัดการทั่วไป
2370,602799,เครื่องกล
2376,602806,วิศวกรรมเคมี
2697,632721,การบัญชี
2659,622922,วิศวกรรมเคมี
2660,622922,วิศวกรรมเคมีและสิ่งแวดล้อม
2664,622926,เคมี
2702,380670,วิศวกรรมวัสดุ
2705,632945,วิทยาศาสตร์และเทคโนโลยีการอาหาร
2337,240460,บัญชี
2338,400626,ทันตชีววัสดุศาสตร์
2339,340559,Advanced Manufacturing Systems
2345,602346,วิทยาศาสตร์และเทคโนโลยีการอาหาร
2346,602409,เคมี
2355,602244,ปิโตรเคมีและวิทยาศาสตร์พอลิเมอร์
2361,602526,การบัญชี
2365,602795,การจัดการธุรกิจระหว่างประเทศ 
2366,602744,ปิโตรเคมีและวัสดุพอลิเมอร์
2497,612845,วิทยาศาสตร์เครื่องสำอางค์
2539,612852,วิศวกรรมเครื่องกล
2556,612860,-
2561,612784,-
2612,622898,เกษตรศาสตร์
2615,622896,เภสัชเคมีและผลิตภัณฑ์ธรรมชาติ
2630,612869,จุลชีววิทยา
2340,340559,ฟิสิกส์
2347,602796,วิศวกรรมเครื่องกล
2348,602718,การปกครองท้องถิ่น
2349,602529,บริหารการจัดการ
2350,602797,วิศวกรรมเครื่องกล
2351,602794,วิศวกรรมเมคคาทรอนิกส์(สองภาษา)
2352,602719,สื่อสารมวลชน
2353,602529,คอมพิวเตอร์ธุรกิจ
2354,602244,เคมี
2356,602746,การจัดการธุรกิจอาหาร
2357,602693,ทันตชีววัสดุศาสตร์
2359,602693,ชีววิทยา
2360,602746,วิทยาศาสตร์และเทคโนโลยีการอาหาร
2362,602420,เทคโนโลยีคอมพิวเตอร์
2363,602761,2553
2546,612863,วิทยาศาสตร์เครื่องสำอาง
2548,612777,เทคโนโลยีชีวภาพ
2554,612858,-
2557,612861,-
